fire_year,FIRE,plotname,PLOT,RdNBR,RdNBR_BL,dNBR,dNBR_BL,RBR,RBR_BL,pre_NBR,lat,slope,HeatLoad,MaxTreeHeight,QMD_LAF,QMD_all,FIRESEVNUM,CHARHT_percMax,BOLESCORCH,CHARCOV,Firemort.BA.p,Firemort.trees.p,ba_ha,stems_ha,RedGrayGreenStage.BA.p
2011,fort,fort1,1,NA,NA,NA,NA,NA,NA,0.625,46.261,25,0.827463,22.27,11.71,13.53,2,0.44,1,0.59,1,1,33.34,2320,0.29
2011,fort,fort2,2,NA,NA,NA,NA,NA,NA,0.6,46.2611,14,0.844764,24.79,20.27,22.85,3,0.73,1,0.92,1,1,46.39,1132,0.33
2011,fort,fort3,3,NA,NA,NA,NA,NA,NA,0.6,46.2608,25,0.927551,23.39,17.34,18.74,3,0.76,1,0.95,1,1,44.84,1627,0.23
2011,fort,fort4,4,678,667,495,470,327,310,0.58824,46.2635,14,0.858493,24.88,24.64,24.74,2,0.54,0.89,0.54,1,1,44.85,934,0.12
2011,fort,fort5,5,688,686,517,522,334,409,0.61905,46.2609,15,0.851383,26.51,20.05,20.37,3,0.79,1,0.74,1,1,53.44,1641,0.06
2011,fort,fort6,6,126,83,73,41,61,82,0.6044,46.2628,14,0.713362,25.07,23.68,22.93,1,0.13,0.51,0.23,0.61,0.65,44.38,1075,0.01
2011,fort,fort7,7,NA,NA,NA,NA,NA,NA,0.63855,46.2656,8,0.786676,29.03,14.31,14.14,1,0.02,0.53,0.23,0.43,0.5,53.31,3395,0
2011,fort,fort8,8,367,310,266,NA,178,149,0.62667,46.2666,9,0.756975,29.16,21.34,21.76,1,0.07,0.71,0.13,0.76,0.72,50.46,1358,0.02
2011,fort,fort9,9,646,643,484,473,314,319,0.61905,46.2545,12,0.788351,21.78,21.5,21.98,2,0.42,0.97,0.7,1,1,41.32,1089,0.05
2011,fort,fort10,10,940,822,627,547,439,409,0.48148,46.2001,18,0.725946,26.67,21.73,21.69,3,0.75,1,0.75,1,1,52.25,1415,0.04
2011,fort,fort11,11,1006,981,747,704,485,478,0.58824,46.2154,17,0.667293,21.78,18.11,19.45,3,0.83,1,0.63,1,1,38.64,1302,0.22
2011,fort,fort12,12,963,1083,624,747,445,455,0.45455,46.2512,9,0.801035,24.22,15.36,18,2,0.5,0.89,0.67,1,1,42.45,1669,0.36
2011,fort,fort13,13,152,70,79,22,70,24,0.46667,46.2499,20,0.632908,20.87,13.44,15.48,1,0.04,0.43,0.18,0.47,0.41,55.9,2971,0.25
2011,fort,fort14,14,865,979,459,580,368,NA,0.31343,46.2459,29,0.801842,24.98,17.74,21.22,2,0.31,0.93,0.84,1,1,61.54,1740,0.43
2011,fort,fort15,15,896,850,630,581,426,410,0.53488,46.2427,31,0.346213,24.51,13.7,14.27,2,0.45,0.99,0.56,1,1,33.68,2108,0.05
2011,fort,fort16,16,NA,NA,NA,NA,NA,NA,0.50562,46.2386,13,0.827208,21.01,7.73,8.65,1,0.09,0.41,0.2,0.33,0.35,22.09,3763,0.08
2011,east,East1,17,513,615,311,306,236,273,0.44186,45.8681,19,0.913092,21.01,18.14,20.05,2,0.36,0.96,0.44,1,1,40.64,1287,0.52
2011,east,East2,18,1272,1259,690,546,545,546,0.32,45.8691,21,0.577457,19.41,12.64,14.01,3,0.77,1,0.88,1,1,23.31,1514,0.25
2011,east,East3,19,611,NA,323,NA,264,NA,0.33333,45.8656,11,0.81297,17.9,14.23,16.07,1,0.07,0.61,0.4,0.32,0.53,37.27,1839,0.5
2011,east,East4,20,764,769,522,497,362,362,0.52273,45.8615,13,0.852427,22.96,11.52,11.96,1,0.1,0.51,0.24,0.44,0.57,23.34,2080,0.03
2011,east,East5,21,868,790,568,483,405,368,0.47475,45.8583,30,0.383831,22.03,11.67,12.1,2,0.21,0.92,0.37,1,1,25.55,2221,0.09
2011,east,East6,22,388,457,279,264,189,223,0.63158,45.85,17,0.869662,23.18,13.14,13.62,1,0.05,0.57,0.18,0.33,0.51,38.32,2631,0
2011,east,East7,23,947,838,664,503,451,397,0.53623,45.8451,17,0.787668,33.19,22.51,21.58,2,0.16,0.99,0.49,1,1,61.05,1669,0.09
2011,east,East8,24,539,659,289,345,236,279,0.35,45.8412,11,0.814892,21.01,16.91,18.35,1,0.05,0.72,0.36,0.29,0.52,43.75,1655,0.35
2011,east,East9,25,869,942,609,512,414,450,0.54054,45.8304,22,0.918897,26.02,18.34,18.14,2,0.38,1,0.64,1,1,32.9,1273,0.11
2011,east,East10,26,1256,1218,845,812,588,575,0.48571,45.8329,20,0.424849,25.69,14.82,17,3,0.33,1,0.85,1,1,37.85,1669,0.34
2011,east,East11,27,1169,1176,760,763,542,546,0.45614,45.8337,13,0.639067,19.41,10.08,11.14,3,0.85,1,0.82,1,1,19.01,1952,0.21
2011,east,East12,28,1364,1342,736,757,581,590,0.31532,45.8339,12,0.707004,18.77,13.21,15.59,3,0.8,1,0.92,1,1,27.55,1443,0.43
2011,lutz,lutz1,29,NA,NA,NA,NA,NA,NA,0.33333,46.1896,16,0.850152,20.02,15.57,15.81,1,0.11,0.74,0.36,0.54,0.78,40.8,2080,0.11
2011,lutz,lutz2,30,405,394,195,203,165,147,0.26829,46.1901,12,0.759406,19.26,15.98,16.13,1,0.05,0.48,0.26,0.59,0.71,32.95,1613,0.1
2011,lutz,lutz3,31,NA,NA,NA,NA,NA,NA,0.53571,46.1838,9,0.77909,22.5,8.59,10.09,2,0.18,0.98,0.31,1,1,25.24,3155,0.3
2011,lutz,lutz4,32,767,701,520,533,359,378,0.48649,46.1809,11,0.822937,21.27,15.18,16.5,2,0.41,0.99,0.31,1,1,39.31,1839,0.24
2011,lutz,lutz5,33,1225,1311,940,1021,593,620,0.60784,46.1781,6,0.759044,20.31,12.5,13.25,3,1,1,0.93,1,1,37.44,2716,0.14
2011,puzz,Puzz1,34,689,708,502,NA,336,346,0.65385,48.2142,26,0.953279,30.54,23.48,24.98,2,0.27,0.92,0.69,1,1,61.68,1259,0.17
2011,puzz,Puzz2,35,-49,24,-93,-36,-24,-21,0.5814,48.214,20,0.792275,24.12,16.35,20.26,1,0.06,0.57,0.27,0.55,0.64,68.82,2136,0.51
2011,puzz,Puzz3,36,725,780,421,464,332,359,0.43182,48.2138,15,0.836075,22.85,11.73,13.73,3,0.49,1,0.84,1,1,35.4,2391,0.31
2011,puzz,Puzz4,37,NA,NA,NA,NA,NA,NA,0.31373,48.2095,13,0.703582,22.73,10.66,12.69,3,0.61,1,0.39,1,1,25.38,2009,0.35
2011,puzz,Puzz5,38,746,670,517,445,360,350,0.58763,48.2045,14,0.817887,23.61,11.93,14.45,1,0.15,0.35,0.23,0.71,0.63,27.61,1684,0
2011,puzz,Puzz6,39,,NA,NA,NA,NA,NA,0.55102,48.2009,22,0.843889,29.76,12.48,18.25,2,0.18,1,0.67,1,1,36.63,1401,0.56
2011,puzz,Puzz7,40,,NA,NA,NA,NA,NA,0.60417,48.2018,21,0.88206,24.02,18.06,18.14,2,0.31,0.91,0.49,1,1,36.93,1429,0.04
2011,puzz,Puzz8,41,811,651,614,489,397,374,0.68,48.2041,20,0.897407,29.76,26.97,27.07,3,0.7,1,0.85,1,1,73.26,1273,0.11
2011,puzz,Puzz9,42,266,429,156,289,129,134,0.62857,48.2104,19,0.862163,28.78,17.45,17.3,1,0.16,0.75,0.18,0.48,0.66,40.56,1726,0.02
2011,puzz,Puzz10,43,NA,NA,NA,NA,NA,NA,0.60606,48.2105,23,0.926239,22.03,13.46,15.53,3,0.75,1,0.89,1,1,40.72,2150,0.31
2011,puzz,Puzz11,44,713,840,541,588,350,360,0.69811,48.2074,29,0.86611,29.16,27.69,30.4,2,0.38,1,0.74,1,1,62.63,863,0.32
2011,puzz,Puzz12,45,664,459,486,317,325,263,0.66265,48.2073,22,0.882074,27.85,22.97,23.36,1,0.16,0.7,0.23,0.84,0.53,39.98,934,0
2011,rr,rr1,46,559,458,448,183,262,206,0.483870968,43.5575,11,0.690472,17.7,14.32,15.39,2,0.37,1,0.43,1,1,35.51,1910,0.21
2011,rr,rr2,47,1088,1054,907,850,527,510,0.607843137,43.5542,12,0.56889,19.9,14.14,15.22,3,0.7,1,0.84,1,1,30.6,1684,0.25
2011,rr,rr3,48,NA,NA,NA,NA,NA,NA,0.512195122,43.5522,13,0.62106,21.8,11.69,14.34,3,1,1,0.84,1,1,37.88,2348,0.41
2011,rr,rr4,49,1120,1114,937,863,544,534,0.614035088,43.5387,21,0.466539,17,9.73,12.33,2,0.75,1,0.81,1,1,24.13,2023,0.46
2011,rr,rr5,50,1137,1144,666,618,472,481,0.285714286,43.5419,17,0.501656,20.7,16.9,21.77,3,0.75,1,0.93,1,1,33.69,905,0.58
2011,rr,rr6,51,348,439,294,340,162,209,0.454545455,43.5805,16,0.55528,19.1,19.27,22.77,2,0.4,1,0.34,1,1,43.17,1061,0.51
2011,rr,gh1,52,961,958,652,507,429,429,0.38095,43.6145,12,0.857285,22.1,18.38,22.37,3,1,1,0.96,1,1,56.13,1429,0.7
2011,rr,gh2,53,NA,NA,NA,NA,NA,NA,0,43.617,18,0.932219,26.8,30.31,30.85,1,0.22,0.92,0.35,0.23,0.43,68.68,920,0.29
2011,rr,gh3,54,867,934,588,639,385,407,0.37209,43.6137,8,0.821092,26.2,16.68,22.41,2,0.5,1,0.58,1,1,44.06,1118,0.6
2011,rr,rr7,55,1277,1205,1011,745,612,578,0.555555556,43.5774,10,0.665012,23.1,17.64,19.56,3,1,1,0.94,1,1,51.82,1726,0.37
2011,rr,rr8,56,-13,6,48,114,-6,3,0.636363636,43.5682,2,0.706261,25.4,16.06,17.8,1,0.11,0.75,0.25,0.43,0.57,48.55,1952,0.27
2011,rr,rr9,57,668,558,671,556,333,278,0.837837838,43.5599,11,0.572491,24.1,25.55,25.76,2,0.53,0.96,0.15,1,1,63.35,1217,0.31
2011,rr,rr10,58,339,404,333,340,166,200,0.653846154,43.5654,10,0.578615,16.8,9.25,10.16,3,0.71,1,0.9,1,1,47.27,5829,0.21
2011,rr,rr11,59,-8,-22,53,9,-3,-10,0.541666667,43.5807,10,0.681954,22.6,18.52,19.6,1,0.16,0.93,0.12,0.77,0.88,49.47,1641,0.34
2011,rr,rr12,60,443,320,407,165,215,155,0.615384615,43.5752,11,0.69852,22.8,18.4,22.31,2,0.51,0.97,0.47,1,1,52.54,1344,0.66
2011,rr,rr13,61,317,314,314,241,155,155,0.647058824,43.5722,11,0.814458,21.5,15.79,16.69,2,0.5,1,0.26,1,1,38.05,1740,0.24
2011,rr,rr14,62,1272,1261,992,828,606,594,0.538461538,43.57,10,0.581992,23.2,17.09,22.03,3,0.8,1,0.49,1,1,41.52,1089,0.66
2011,rr,rr15,63,450,360,429,529,221,177,0.674418605,43.5746,14,0.533132,18.6,15.21,15.57,3,0.74,1,0.88,1,1,34.18,1797,0.13
2011,rr,rr16,64,1163,1133,984,935,566,549,0.632653061,43.5768,8,0.737496,21.9,18.3,19.29,3,0.9,1,0.85,1,1,39.28,1344,0.22
2011,rr,rr17,65,258,252,272,232,127,124,0.681818182,43.5723,6,0.801953,26.7,12.91,14.33,1,0.33,0.74,0.28,0.84,0.76,35.59,2207,0.26
2011,rr,rr18,66,1044,1022,840,779,501,489,0.559322034,43.5675,11,0.575239,21.8,9.8,11.83,3,0.62,1,0.7,1,1,38.08,3466,0.38
2011,rr,rr19,67,193,278,204,416,93,135,0.559322034,43.5626,7,0.647841,22.5,7.19,12.59,2,0.38,0.91,0.45,1,1,48.8,3919,0.71
2011,rr,rr20,68,247,277,257,421,121,134,0.641791045,43.557,12,0.632303,23.8,19.72,21.27,2,0.41,0.94,0.13,0.98,0.99,52.23,1471,0.27
2011,rr,rr21,69,201,257,212,183,97,123,0.575757576,43.5559,5,0.747597,24.8,13.28,17.13,3,0.66,1,0.74,1,1,35.2,1528,0.59
2011,rr,rr22,70,1257,1247,1033,1040,608,601,0.6,43.5627,21,0.864882,22.5,15.02,17.73,3,0.9,1,0.54,1,1,36.32,1471,0.38
2011,rr,rr23,71,1146,1074,870,907,540,495,0.5,43.5621,18,0.576626,20.9,9.87,13.42,3,0.73,1,0.67,1,1,25.2,1783,0.54
2011,rr,rr24,72,1129,1147,858,913,532,546,0.5,43.5438,19,0.496375,20.7,14.23,16.26,3,0.69,1,0.78,1,1,34.66,1669,0.33
2011,rr,rr25,73,677,482,571,297,326,231,0.571428571,43.5446,10,0.653815,24.4,19.95,21.41,1,0.17,0.82,0.09,0.69,0.67,50.41,1401,0.22
2011,rr,rr26,74,468,450,393,298,221,211,0.50877193,43.5441,9,0.593991,20.2,14.31,15.37,1,0.33,0.87,0.17,0.87,0.91,43.83,2363,0.17
2011,rr,rr27,75,777,709,594,568,363,327,0.473684211,43.5439,9,0.610049,16.1,11.24,11.41,2,0.25,0.64,0.25,1,1,26.88,2631,0.04
2011,rr,rr28,76,172,328,182,427,82,156,0.50617284,43.5415,5,0.695537,21,11.98,16.82,1,0.1,0.26,0.02,0.2,0.28,36.75,1655,0.58
2011,rr,rr29,77,701,623,555,442,331,291,0.5,43.5405,2,0.731022,25.7,12.79,16.02,1,0.12,0.32,0.13,0.41,0.32,37.04,1839,0.4
2011,rr,rr30,78,979,1028,835,841,476,502,0.628571429,43.5403,9,0.610098,16.6,13.05,13.94,2,0.67,1,0.36,1,1,33.47,2193,0.21
2011,rr,rr31,79,880,654,675,711,413,305,0.490909091,43.5399,15,0.569075,20.2,11.83,14.55,2,0.42,0.97,0.32,1,1,37.63,2264,0.48
2011,rr,rr32,80,448,471,324,331,196,214,0.34939759,43.5399,12,0.576172,18.9,8.77,12.7,1,0.27,0.87,0.29,0.69,0.57,22.73,1797,0.59
2011,rr,rr33,81,1031,1073,728,667,470,504,0.421686747,43.5139,7,0.666137,21.1,12.54,16.08,3,0.66,1,0.83,1,1,32.16,1584,0.57
2011,rr,rr34,82,610,568,483,399,286,266,0.483870968,43.5132,5,0.653182,22.3,10.72,13.94,1,0.29,0.66,0.22,0.94,0.46,38.42,2518,0.47
2011,rr,rr35,83,468,638,348,242,209,291,0.381443299,43.5117,10,0.59634,23.4,14.23,18.86,1,0.2,0.51,0.1,0.29,0.33,34.76,1245,0.53
2011,rr,rr36,84,386,348,361,356,187,168,0.611940299,43.5173,10,0.596265,19.9,6.6,13.21,1,0.03,0.4,0.1,0.23,0.35,25.77,1882,0.8
2011,rr,rr37,85,488,437,384,244,225,196,0.442622951,43.5307,6,0.713424,23,7.34,12.22,1,0.14,0.55,0.34,0.91,0.79,27.52,2348,0.68
2011,rr,rr38,86,431,480,292,324,180,198,0.292682927,43.5304,4,0.677211,19.9,14.21,17.02,2,0.19,0.86,0.22,1,0.98,36.03,1584,0.46
2011,rr,rr39,87,425,328,293,162,180,132,0.302752294,43.5306,9,0.592145,20,12.67,16.14,1,0.05,0.73,0.12,0.59,0.49,36.75,1797,0.53
2011,rr,rr40,88,897,944,591,525,394,424,0.351351351,43.5262,4,0.733235,23,12.67,13.5,3,0.85,1,0.44,1,1,36,2518,0.17
2011,sadd,sadd1,89,-90,73,-7,1,-29,28,0.14085,45.4853,34,1.007205,32.05,39.18,38.42,1,0.04,0.54,0.18,0.01,0.36,42.62,368,0
2011,sadd,sadd2,90,54,147,49,136,18,60,0.16522,45.4845,25,0.874987,24.79,18.06,19.5,1,0.07,0.76,0.19,0.12,0.61,32.52,1089,0.34
2011,sadd,sadd3,91,-112,-106,-14,-3,-36,-38,0.13475,45.487,18,0.911868,27.99,33.97,33.97,1,0.05,0.58,0.05,0.01,0.28,23.07,255,0
2011,sadd,sadd4,92,NA,NA,NA,NA,NA,NA,0.44118,45.49,26,0.924395,27.85,11.3,13.67,1,0.02,0.66,0.14,0.17,0.68,21.79,1485,0.06
2011,sadd,sadd5,93,-118,-102,-12,-41,-35,-31,0.10968,45.488,25,0.947266,29.03,31.95,31.95,1,0.17,0.88,0.17,0.12,0.52,30.61,382,0
2011,sadd,sadd6,94,NA,NA,NA,NA,NA,NA,0.20721,45.4896,27,0.642679,24.6,19.43,19.17,1,0.19,0.71,0.18,0.5,0.78,20.81,722,0.25
2011,sadd,sadd7,95,58,116,45,137,16,38,0.09489,45.493,23,0.639185,24.22,21.92,22.1,1,0.04,0.81,0.12,0.01,0.26,14.64,382,0.16
2011,sadd,sadd8,96,373,351,229,230,156,147,0.29293,45.4956,22,0.575556,16.35,14.49,14.36,1,0.05,0.62,0.43,0.48,0.57,17.4,1075,0.1
2011,sadd,sadd9,97,254,217,164,185,106,90,0.28972,45.4992,18,0.910861,16.96,16.08,16.73,1,0.05,0.49,0.16,0.43,0.56,20.83,948,0.2
2011,sadd,sadd10,98,NA,NA,NA,NA,NA,NA,0.11258,45.4958,27,0.762295,24.51,22.81,22.56,1,0.05,0.6,0.11,0.08,0.37,23.73,594,0
2011,sadd,sadd11,99,621,652,347,527,252,274,0.26531,45.4984,26,0.635486,16.76,11.19,11.46,2,0.17,0.9,0.18,1,1,16.49,1599,0.02
2011,sadd,sadd12,100,475,393,232,344,172,137,0.18667,45.4996,11,0.835357,23.18,19.37,19.63,2,0.37,1,0.48,1,1,13.7,453,0.09
2011,sadd,sadd13,101,734,617,236,NA,193,161,0.08148,45.5014,24,0.678826,24.98,22.42,22.75,2,0.33,1,0.3,1,1,25.3,622,0.1
2011,sadd,sadd14,102,NA,NA,NA,NA,NA,NA,0.39683,45.5015,15,0.850641,16.35,11.91,11.87,2,0.25,1,0.36,1,1,19.57,1768,0.01
2011,sadd,sadd15,103,923,908,592,693,410,408,0.37313,45.5017,14,0.843782,16.35,12.13,13.12,2,0.21,0.98,0.33,1,1,23.12,1712,0.27
2011,sadd,sadd16,104,NA,NA,NA,NA,NA,NA,0.16071,45.5088,24,0.970124,16.76,16.61,15.66,2,0.82,1,0.63,1,1,17.43,905,0.16
2011,sadd,sadd17,105,763,796,375,329,287,310,0.20805,45.5137,25,0.645926,27.13,48.63,42.98,2,0.53,1,0.37,1,1,20.51,141,0.23
2011,sadd,sadd18,106,477,468,395,270,230,226,0.59596,45.5176,26,0.953473,17.54,14.33,15.4,2,0.51,1,0.35,0.95,0.98,33.72,1811,0.11
2011,sadd,sadd19,107,997,NA,585,531,424,NA,0.31373,45.5216,22,0.922839,29.52,20.66,37.33,3,0.68,1,0.46,1,1,29.4,269,0.79
2011,sadd,sadd20,108,1116,1098,791,882,520,503,0.46809,45.529,14,0.644559,27.13,24.18,27.76,3,0.76,1,0.51,1,1,31.66,523,0.32
2011,sadd,sadd21,109,1116,1004,883,832,538,484,0.58824,45.5301,20,0.911498,28.26,14.86,17.98,2,0.29,1,0.27,1,1,43.44,1712,0.35
2011,sadd,sadd22,110,793,795,458,514,332,334,0.29546,45.5221,16,0.577498,17.9,17.33,16.78,2,0.38,1,0.15,1,1,26.57,1203,0.05
2011,sadd,sadd23,111,1121,1135,876,870,539,546,0.57377,45.5171,24,0.741696,20.31,16.56,17.77,3,0.71,1,0.42,1,1,39.61,1599,0.27
2011,sadd,sadd24,112,NA,NA,NA,NA,NA,NA,0.6129,45.5128,23,0.638908,19.57,19.32,19.93,3,0.76,1,0.73,1,1,34.39,1103,0.17
2011,sadd,sadd25,113,976,965,769,702,469,464,0.57778,45.5075,16,0.891578,20.73,16.75,22.38,3,1,1,0.54,1,1,36.17,920,0.7
2011,sadd,sadd26,114,994,935,676,699,454,434,0.42636,45.506,18,0.912231,29.16,23.69,25.78,3,0.68,1,0.51,1,1,22.89,439,0.29
2011,sadd,sadd27,115,936,982,692,784,441,465,0.50427,45.5063,27,0.648578,21.01,13.41,19.94,3,1,1,0.68,1,1,26.5,849,0.74
2011,sadd,sadd28,116,1202,1225,949,977,580,591,0.58824,45.5081,25,0.511308,15.92,14.3,14.16,3,1,1,0.85,1,1,35.87,2278,0.04
2011,sadd,sadd29,117,1007,1001,747,677,475,471,0.51163,45.5029,25,0.971959,28.91,35.64,36.65,3,0.76,1,0.51,1,1,46.24,439,0.09
2011,sadd,sadd30,118,1169,1164,933,893,565,563,0.6,45.5041,6,0.615222,18.26,17.95,17.92,3,1,1,0.71,1,1,42.81,1698,0.15
2011,salt,Salt1,119,NA,NA,NA,NA,NA,NA,0.49296,44.9161,19,0.931839,23.18,22.66,24.44,3,1,1,0.79,1,1,63.7,1358,0.32
2011,salt,Salt2,120,955,981,601,595,433,447,0.41026,44.9196,17,0.911116,23.91,11.08,15.3,1,0.12,0.31,0.26,0.56,0.47,86.31,4697,0.62
2011,salt,Salt3,121,1240,1238,552,646,466,476,0.20635,44.9273,12,0.744248,20.87,15.16,18.49,3,0.68,1,0.35,1,1,18.6,693,0.45
2011,salt,Salt4,122,575,582,290,296,236,232,0.27434,44.9309,7,0.647847,21.78,9.04,10.02,1,0.03,0.26,0.15,0.27,0.41,22.75,2886,0.21
2011,salt,Salt5,123,1016,1216,491,466,403,484,0.24444,44.9416,6,0.642379,22.73,8.15,15.87,3,1,1,0.61,1,1,38.86,1966,0.84
2011,salt,Salt6,124,1019,1009,651,507,464,461,0.42268,44.9126,6,0.779124,24.31,17.81,18,2,0.27,0.89,0.54,1,1,35.61,1401,0.06
2011,salt,Salt7,125,NA,NA,NA,NA,NA,NA,0.42466,44.9447,11,0.820533,25.6,17.26,20.16,2,0.5,0.86,0.44,1,1,62.73,1966,0.43
2011,salt,Salt8,126,937,933,677,587,446,444,0.53846,44.9482,5,0.768318,22.5,11.2,13.27,2,0.33,0.94,0.56,1,1,49.7,3593,0.33
2011,salt,Salt9,127,267,283,160,210,121,129,0.41026,44.9516,10,0.679638,25.51,9.52,14.32,1,0.05,0.2,0.03,0.31,0.07,36.23,2249,0.62
2011,salt,Salt10,128,1301,1286,762,748,570,567,0.35354,44.9515,29,0.485419,24.6,12.69,18.17,3,1,1,0.78,1,1,42.15,1627,0.61
2011,salt,Salt11,129,510,447,304,281,228,204,0.38028,44.9553,20,0.864523,21.53,9.66,12.67,1,0.06,0.36,0.21,0.41,0.46,39.19,3112,0.47
2011,salt,Salt12,130,1281,1221,961,878,616,584,0.57576,44.9598,14,0.877417,25.34,19.03,20.75,2,0.58,0.98,0.51,1,1,77.95,2306,0.25
2011,salt,Salt13,131,NA,NA,NA,NA,NA,NA,0.18182,44.9622,13,0.760961,24.22,20.9,22.38,3,0.68,1,0.5,1,1,47.85,1217,0.23
2011,salt,Salt14,132,924,934,639,591,434,429,0.49398,44.9657,25,0.896744,24.02,26.38,25.06,2,0.57,1,0.25,1,1,48.81,990,0.08
2011,salt,Salt15,133,NA,NA,NA,NA,NA,NA,0.61644,44.9689,15,0.545009,26.11,24.35,23.62,1,0.03,0.24,0.1,0.23,0.29,56.37,1287,0.06
2011,salt,Salt16,134,1261,1256,875,895,592,591,0.49367,44.9726,27,0.380085,21.78,20.9,21.65,2,0.46,0.96,0.54,1,1,49.97,1358,0.27
2011,salt,Salt17,135,1368,1372,1000,1008,653,654,0.54667,44.974,11,0.747163,22.27,14.74,18,3,1,1,0.86,1,1,51.09,2009,0.46
2011,salt,Salt18,136,NA,NA,NA,NA,NA,NA,0.51613,44.9776,18,0.757228,27.42,21.71,22.64,3,1,1,0.84,1,1,63.18,1570,0.26
2011,salt,Salt19,137,1282,1301,876,877,599,609,0.47826,44.9816,10,0.717245,26.02,13.66,15.49,3,1,1,0.69,1,1,38.63,2051,0.36
2011,salt,Salt20,138,NA,NA,NA,NA,NA,NA,0.41772,44.9841,9,0.799339,22.73,20.55,20.62,2,0.38,0.99,0.35,1,1,45.82,1372,0.24
2011,salt,Salt21,139,329,314,220,163,154,146,0.48718,44.9883,16,0.739836,22.15,20.01,20.13,1,0.17,0.7,0.25,0.14,0.52,37.8,1188,0.03
2011,salt,Salt22,140,NA,NA,NA,NA,NA,NA,-0.45299,44.9922,5,0.718339,22.5,14.62,15.01,3,0.64,1,0.79,1,1,28.27,1599,0.07
2011,salt,Salt23,141,670,636,377,NA,290,285,0.33333,44.9928,4,0.668415,21.78,12.99,15.08,1,0.02,0.46,0.22,0.33,0.47,45.99,2575,0.41
2011,salt,Salt24,142,NA,NA,NA,NA,NA,NA,0.39583,44.9913,3,0.721312,20.45,12.6,18.59,1,0.05,0.34,0.06,0.26,0.16,38.38,1415,0.72
2011,salt,Salt25,143,NA,NA,NA,NA,NA,NA,0.41772,44.9987,10,0.699215,15.25,9.95,10.65,2,0.25,0.88,0.4,0.98,0.99,37.02,4159,0.21
2011,salt,Salt26,144,164,166,106,140,77,78,0.50685,45.0009,10,0.813466,16.35,14.2,14.69,1,0.02,0.32,0.16,0.07,0.13,47,2773,0.3
2011,salt,Salt27,145,294,287,192,175,137,134,0.475,45.0034,5,0.691262,21.9,9.8,11.46,1,0.02,0.75,0.27,0.37,0.5,44.08,4272,0.36
2011,salt,Salt28,146,NA,NA,NA,NA,NA,NA,0.49333,45.0068,19,0.548403,20.73,12.59,14.38,3,0.71,1,0.83,1,1,47.57,2928,0.31
2011,salt,Salt29,147,1142,1161,885,896,554,557,0.61539,45.0074,14,0.548117,18.26,9.2,9.59,2,0.41,1,0.62,1,1,30.22,4188,0.1
2011,salt,Salt30,148,1181,1199,854,872,562,572,0.53623,45.0083,11,0.772314,22.73,13.52,15.9,2,0.41,1,0.55,1,1,43.82,2207,0.41
2011,east,ubeast1,149,NA,NA,NA,NA,NA,NA,0.3125,45.8288,26,0.924444,,,,0,0,0,0,0,0,44,,0.77
2011,east,ubeast2,150,NA,NA,NA,NA,NA,NA,0.325,45.8202,26,0.982218,,,,0,0,0,0,0,0,40,,0.75
2011,east,ubeast3,151,72,55,19,20,33,25,0.45946,45.8161,22,0.923945,,,,0,0,0,0,0,0,64,,0.03
2011,east,ubeast4,152,105,113,45,69,49,52,0.50562,45.808,11,0.767673,,,,0,0,0,0,0,0,38,,0.37
2011,fort,ubfort1,153,-72,-56,-80,-66,-34,-21,0.58333,46.266,18,0.873388,,,,0,0,0,0,0,0,30,,0
2011,fort,ubfort2,154,169,47,106,26,81,53,0.6,46.2643,3,0.724911,,,,0,0,0,0,0,0,38,,0
2011,fort,ubfort3,155,NA,NA,NA,NA,NA,NA,0.65,46.2652,11,0.815102,,,,0,0,0,0,0,0,20,,0.1
2011,fort,ubfort4,156,14,-5,-14,-36,6,-2,0.58065,46.2613,13,0.747779,,,,0,0,0,0,0,0,28,,0.21
2011,fort,ubfort5,157,-71,-128,-79,-138,-34,-60,0.57143,46.2583,21,0.811675,,,,0,0,0,0,0,0,40,,0.35
2011,lutz,ublutz1,158,NA,NA,NA,NA,NA,NA,0.66071,46.1897,1,0.696978,,,,0,0,0,0,0,0,28,,0
2011,lutz,ublutz2,159,NA,NA,NA,NA,NA,NA,0.57143,46.1761,4,0.728872,,,,0,0,0,0,0,0,40,,0.1
2011,puzz,ubpuzz1,160,NA,NA,NA,NA,NA,NA,0.65217,48.1935,12,0.809257,,,,0,0,0,0,0,0,30,,0.2
2011,puzz,ubpuzz2,161,216,135,105,-33,103,65,0.54839,48.1972,3,0.698273,,,,0,0,0,0,0,0,44,,0.14
2011,puzz,ubpuzz3,162,134,-25,56,-165,66,-12,0.67857,48.2007,9,0.757314,,,,0,0,0,0,0,0,38,,0.16
2011,puzz,ubpuzz4,163,140,143,60,141,68,70,0.67213,48.2177,18,0.862617,,,,0,0,0,0,0,0,42,,0.24
2011,rr,ubrr1,164,-191,-139,-78,-11,-89,-65,0.51111,43.5828,8,0.720966,,,,0,0,0,0,0,0,,,
2011,rr,ubrr2,165,127,141,159,131,62,69,0.61702,43.5733,3,0.686658,,,,0,0,0,0,0,0,,,
2011,rr,ubrr3,166,-284,-171,-83,62,-112,-64,0.25,43.5305,9,0.760994,,,,0,0,0,0,0,0,,,0
2011,sadd,ubsadd1,167,-7,-48,21,-45,-3,-23,0.61404,45.4844,22,0.952784,,,,0,0,0,0,0,0,,,0.75
2011,sadd,ubsadd10,168,NA,NA,NA,NA,NA,NA,0,45.4376,24,0.949038,,,,0,0,0,0,0,0,,,0
2011,sadd,ubsadd2,169,-196,-182,-82,-96,-83,-77,0.30864,45.5469,14,0.562983,,,,0,0,0,0,0,0,,,0
2011,sadd,ubsadd3,170,6,-8,31,54,2,-3,0.43333,45.5466,8,0.590935,,,,0,0,0,0,0,0,,,0.75
2011,sadd,ubsadd4,171,NA,NA,NA,NA,NA,NA,0.39241,45.5446,7,0.688679,,,,0,0,0,0,0,0,,,0.75
2011,sadd,ubsadd5,172,-42,-27,0,53,-19,-12,0.39759,45.5615,20,0.497972,,,,0,0,0,0,0,0,,,0
2011,sadd,ubsadd6,173,-103,-72,-31,-14,-43,-31,0.31765,45.5596,6,0.696692,,,,0,0,0,0,0,0,,,0.25
2011,sadd,ubsadd7,174,NA,NA,NA,NA,NA,NA,0,45.4453,28,0.387233,,,,0,0,0,0,0,0,,,0
2011,sadd,ubsadd8,175,NA,NA,NA,NA,NA,NA,0,45.4339,20,0.590235,,,,0,0,0,0,0,0,,,0
2011,sadd,ubsadd9,176,NA,NA,NA,NA,NA,NA,0,45.4342,31,1.000997,,,,0,0,0,0,0,0,,,0
2011,salt,ubsalt1,177,297,258,150,160,124,108,0.29293,44.9234,9,0.803953,,,,0,0,0,0,0,0,,,0.75
2011,salt,ubsalt10,178,100,105,58,79,46,49,0.46939,45.0061,20,0.907753,,,,0,0,0,0,0,0,,,0.15
2011,salt,ubsalt2,179,NA,NA,NA,NA,NA,NA,0.34,44.9344,3,0.741147,,,,0,0,0,0,0,0,,,0.75
2011,salt,ubsalt3,180,305,265,161,80,130,111,0.31818,44.9379,5,0.631361,,,,0,0,0,0,0,0,,,0.75
2011,salt,ubsalt4,181,NA,NA,NA,NA,NA,NA,0.42105,44.9691,9,0.818876,,,,0,0,0,0,0,0,,,0.25
2011,salt,ubsalt5,182,253,194,193,134,123,95,0.64706,44.9811,4,0.674978,,,,0,0,0,0,0,0,,,0.25
2011,salt,ubsalt6,183,120,161,71,115,55,75,0.46667,45.0092,8,0.798841,,,,0,0,0,0,0,0,,,0.25
2011,salt,ubsalt7,184,NA,NA,NA,NA,NA,NA,0.30909,45.01,5,0.767151,,,,0,0,0,0,0,0,,,0.75
2011,salt,ubsalt8,185,148,87,96,-3,70,41,0.51724,45.0118,14,0.831034,,,,0,0,0,0,0,0,,,0
2011,salt,ubsalt9,186,98,86,52,54,44,39,0.40741,44.9677,8,0.806877,,,,0,0,0,0,0,0,,,0.25
2008,newfork,1,187,827,821,463,504,347,360,0.298969072,43.086,2,0.754712,25.8,12.63,13.5,2,0.43,0.88,0.37,1,1,29.76,2080,0.15
2008,newfork,2,188,1076,963,701,630,488,437,0.411764706,43.0869,3,0.768337,22.3,17.82,18.35,2,0.37,0.98,0.17,1,1,35.16,1330,0.18
2008,newfork,3,189,1212,1206,878,873,573,570,0.511111111,43.093,27,0.676097,21.4,12.48,14.68,3,0.63,1,0.64,1,1,28.48,1684,0.1
2008,newfork,4,190,1092,1086,774,744,512,502,0.488888889,43.0922,28,0.645738,20.5,15.19,16.22,3,0.79,1,0.65,1,1,32.74,1584,0.07
2008,newfork,5,191,1053,1053,667,676,472,474,0.388235294,43.0908,12,0.768637,23.5,13.97,17.18,2,0.45,1,0.31,1,1,26.54,1146,0.01
2008,newfork,6,192,1044,1064,621,648,454,468,0.341176471,43.0915,5,0.790003,24.6,13.6,16.53,2,0.47,1,0.42,1,1,21.25,990,0.39
2008,newfork,7,193,990,1043,535,618,409,451,0.28,43.0906,5,0.69946,23.3,16.8,17.04,2,0.52,1,0.29,1,1,18.38,806,0.08
2008,newfork,8,194,896,916,571,593,402,414,0.390243902,43.0882,13,0.892591,22.6,12.72,13.11,2,0.53,0.99,0.31,1,1,40.68,3013,0.08
2008,newfork,9,195,785,827,538,572,363,383,0.45,43.0881,2,0.753909,22,13.41,13.23,2,0.17,0.94,0.12,1,1,46.82,3409,0.03
2008,newfork,10,196,603,584,416,396,279,268,0.45,43.0874,2,0.745864,21.6,14.15,16.84,2,0.11,0.83,0.07,1,1,35.88,1613,0.05
2008,newfork,11,197,381,339,259,232,174,155,0.422222222,43.0835,6,0.807795,22.5,16.68,16.51,1,0.03,0.78,0.06,0.89,0.92,38.45,1797,0.05
2008,newfork,12,198,862,879,586,593,397,404,0.444444444,43.0837,7,0.797212,23.9,10.56,11.38,2,0.49,1,0.35,1,1,30.04,2957,0.1
2008,newfork,13,199,1114,1115,789,793,522,523,0.487179487,43.0837,12,0.876974,22,15.08,17.06,3,0.9,1,0.58,1,1,25.85,1132,0.26
2008,newfork,14,200,1141,1166,824,814,539,544,0.507246377,43.0837,9,0.800206,19.6,11.46,11.69,3,1,1,0.65,1,1,32.64,3042,0.02
2008,newfork,15,201,362,312,256,221,168,144,0.456790123,43.0848,12,0.847984,21.8,14.86,14.76,2,0.05,0.84,0.1,0.98,0.98,35.56,2080,0.01
2008,newfork,16,202,279,231,194,160,128,105,0.428571429,43.085,7,0.78225,21.8,18.62,18.69,1,0.05,0.64,0.13,0.77,0.72,30.66,1118,0.05
2008,newfork,17,203,266,300,178,208,119,137,0.392405063,43.0851,6,0.808222,22.7,21.21,21.1,1,0.08,0.55,0.06,0.85,0.82,28.67,821,0.02
2008,newfork,18,204,492,517,281,297,207,218,0.301204819,43.086,7,0.818052,20.8,15.96,15.69,2,0.11,0.8,0.05,1,1,27.89,1443,0
2008,newfork,19,205,1088,1108,785,772,513,516,0.506493506,43.0854,14,0.866586,21.1,14.85,15.24,3,0.88,1,0.72,1,1,30.42,1669,0.16
2008,newfork,20,206,1054,1040,736,721,491,483,0.473684211,43.0864,13,0.884122,23.9,13.32,16.3,3,0.85,1,0.78,1,1,30.69,1471,0.43
2008,newfork,22,207,262,242,192,173,122,111,0.475,43.0857,13,0.829695,21,16.76,16.75,1,0.04,0.52,0.05,0.76,0.79,35.83,1627,0.02
2008,newfork,24,208,381,357,284,257,180,166,0.512820513,43.0874,9,0.792534,22.3,16.93,16.9,1,0.04,0.52,0.07,0.86,0.85,36.15,1613,0.01
2008,newfork,25,209,464,432,270,250,197,182,0.311827957,43.0864,3,0.77081,25.8,15.97,16.12,1,0.1,0.74,0.09,0.99,0.98,35.8,1754,0.03
2008,newfork,26,210,1151,1108,754,709,524,499,0.416666667,43.0883,4,0.759508,24,13.02,13.85,3,0.82,1,0.8,1,1,25.15,1669,0.16
2008,newfork,27,211,854,740,527,461,377,328,0.365384615,43.0885,4,0.762855,25.7,8.99,13.69,2,0.35,0.96,0.23,1,1,24.56,1669,0.18
2008,newfork,28,212,693,728,491,513,324,340,0.479452055,43.0884,8,0.776004,22.2,17.68,17.7,2,0.41,0.95,0.22,1,1,36.88,1500,0.04
2008,newfork,29,213,472,518,262,293,195,217,0.282608696,43.0898,6,0.774418,22.7,14.94,15.12,2,0.1,0.88,0.1,1,1,34.03,1896,0.07
2008,newfork,30,214,568,651,400,447,264,300,0.46835443,43.091,3,0.765441,21.1,15.4,15.22,2,0.16,0.87,0.06,1,1,40.16,2207,0
2008,newfork,31,215,1254,1246,921,906,595,589,0.526315789,43.0908,5,0.784949,22,14.94,15.13,3,0.8,1,0.6,1,1,22.61,1259,0
2008,newfork,32,216,1092,1083,678,660,485,476,0.373737374,43.0897,6,0.780581,24,18.89,19.67,3,0.8,1,0.61,1,1,24.93,821,0.2
2008,newfork,33,217,1098,1130,738,766,505,521,0.438202247,43.0907,7,0.813791,21.9,17.73,17.98,3,0.92,1,0.63,1,1,29.8,1174,0.08
2008,newfork,34,218,317,505,198,331,138,227,0.346938776,43.0894,3,0.756664,21.1,17.13,17.05,2,0.16,0.79,0.1,1,1,33.91,1485,0.04
2008,newfork,35,219,572,580,384,394,261,266,0.424657534,43.0908,10,0.757745,23,17.95,17.95,2,0.18,0.92,0.1,1,1,33.65,1330,0.01
2008,newfork,36,220,1244,1219,841,818,573,560,0.445783133,43.0907,9,0.832863,22.3,13.12,14.14,3,1,1,0.81,1,1,32.2,2051,0.27
2008,newfork,37,221,576,716,362,472,255,325,0.371428571,43.091,1,0.744748,21.9,14.39,15.5,2,0.3,0.95,0.09,1,1,41.61,2207,0.01
2008,newfork,38,222,628,744,452,536,295,350,0.492957746,43.0895,5,0.764688,21.3,15.22,15.22,2,0.34,1,0.21,1,1,34.49,1896,0
2008,newfork,39,223,312,270,214,187,142,123,0.422222222,43.0908,7,0.810659,22.5,17.37,17.18,1,0.12,0.78,0.1,1,0.99,33.42,1443,0.02
2008,newfork,42,224,248,269,163,173,110,118,0.375,43.0834,20,0.936353,22.9,8.5,8.56,1,0.07,0.52,0.1,0.76,0.79,28.67,4980,0.02
2008,newfork,43,225,855,809,567,521,390,364,0.422680412,43.0837,14,0.895436,27.8,14.12,14.37,2,0.53,1,0.42,1,1,21.34,1316,0.07
2008,newfork,44,226,734,690,455,418,324,301,0.365384615,43.0832,18,0.942406,24.8,12.24,12.22,2,0.22,0.93,0.2,1,1,24.21,2065,0
2008,newfork,45,227,634,617,377,381,274,271,0.333333333,43.086,5,0.766905,24.8,19.65,20.55,3,0.54,1,0.3,1,1,30.94,934,0.24
2008,newfork,46,228,1271,1101,815,695,573,492,0.4,43.0894,1,0.743521,23.4,14.02,15.03,3,0.77,1,0.61,1,1,26.59,1500,0.21
2008,newfork,47,229,1225,1231,854,844,571,570,0.473684211,43.0896,2,0.756398,23.6,14.89,15.27,3,1,1,0.73,1,1,31.33,1712,0.07
2008,newfork,48,230,1296,1274,852,820,591,575,0.421052632,43.0895,1,0.720042,22.3,10.22,10.26,3,0.83,1,0.87,1,1,36.61,4428,0.02
2008,newfork,49,231,1245,1235,756,758,548,546,0.358024691,43.0895,2,0.755982,22.2,11.67,13.81,3,0.69,1,0.66,1,1,29.44,1966,0.05
2008,newfork,50,232,1105,1185,679,776,488,538,0.365853659,43.0886,1,0.725806,22.3,15.93,17.63,3,0.88,1,0.55,1,1,28.64,1174,0.33
2008,newfork,51,233,1136,1039,799,727,531,484,0.481481481,43.0886,1,0.735428,19.9,14.67,14.9,2,0.82,1,0.33,1,1,37.23,2136,0.07
2008,newfork,55,234,950,989,612,652,428,450,0.4,43.0889,9,0.788553,23.1,18.3,18.53,2,0.57,1,0.26,1,1,27.83,1033,0.05
2008,newfork,56,235,797,810,544,549,368,372,0.447368421,43.0896,10,0.762751,21.1,14.62,16.19,2,0.28,0.98,0.07,1,1,39.58,1924,0.11
2008,newfork,57,236,1224,1225,834,826,566,564,0.452380952,43.0896,16,0.748224,21.4,14.56,16.92,3,0.94,1,0.87,1,1,30.53,1358,0.35
2008,newfork,58,237,1004,1001,677,678,462,461,0.44,43.0896,16,0.924556,25.8,16.31,20.26,3,0.75,0.99,0.55,1,1,30.09,934,0.44
2008,newfork,59,238,1224,1207,877,865,576,568,0.5,43.0906,8,0.832291,21,15.7,15.9,3,0.92,1,0.72,1,1,34.8,1754,0.02
2008,newfork,60,239,1086,1141,677,756,483,521,0.376623377,43.0924,25,0.674307,20.6,14.97,16.93,3,0.95,1,0.7,1,1,30.56,1358,0.24
2008,newfork,61,240,1072,1071,793,773,509,505,0.532467532,43.0895,9,0.666054,21.1,15.32,16.92,2,0.61,0.99,0.14,1,1,36.58,1627,0.09
2008,newfork,63,241,696,697,465,467,318,319,0.425287356,43.0835,5,0.791647,21.8,14.76,14.98,2,0.46,0.99,0.4,1,1,30.89,1754,0.07
2008,newfork,64,242,1125,1094,745,740,514,504,0.425287356,43.0843,4,0.781314,23.8,11.54,11.54,3,1,1,0.72,1,1,23.23,2221,0
2008,newfork,65,243,945,957,706,697,450,452,0.540540541,43.0845,2,0.73229,19.9,13.23,13.16,2,0.5,0.97,0.44,1,1,30.98,2278,0
2008,newfork,66,244,990,930,661,612,453,423,0.431818182,43.0835,6,0.808861,22.5,12.23,12.36,2,0.4,0.99,0.29,1,1,24.92,2080,0.04
2008,newfork,67,245,1149,1171,778,797,530,541,0.445783133,43.0843,6,0.79994,25.2,13.73,13.61,3,0.82,1,0.92,1,1,26.93,1853,0
2008,newfork,68,246,1211,1179,735,739,533,526,0.357142857,43.0846,12,0.813577,21.4,13.28,13.9,3,0.9,1,0.77,1,1,21.25,1401,0.01
2008,newfork,69,247,1231,1251,785,799,554,563,0.395833333,43.0864,10,0.833762,21.9,12.61,12.59,3,0.88,1,0.94,1,1,25.01,2009,0
2008,newfork,70,248,1037,1044,678,657,471,466,0.413333333,43.0865,11,0.869553,22.6,11.11,13.1,3,0.87,1,0.67,1,1,24.22,1797,0.4
2008,newfork,71,249,1261,1251,773,768,557,553,0.365853659,43.0857,13,0.891846,23.1,13.26,13.22,3,0.81,1,0.7,1,1,24.85,1811,0
2008,newfork,72,250,610,581,440,414,286,271,0.493975904,43.0881,9,0.845713,24.9,18.59,18.9,2,0.33,0.86,0.16,1,1,32.94,1174,0.06
2008,newfork,73,251,512,518,348,345,235,235,0.432098765,43.0987,4,0.778553,21.8,11.7,11.82,1,0.1,0.62,0.08,0.97,0.95,37.11,3381,0.05
2008,newfork,74,252,428,541,221,282,169,216,0.24,43.0987,10,0.804322,21,8.96,9.16,1,0.09,0.62,0.16,0.97,0.86,26.67,4046,0.06
2008,newfork,75,253,733,605,379,322,293,245,0.252747253,43.0987,11,0.823608,30.4,12,12.09,1,0.03,0.4,0.21,0.92,0.78,28.89,2518,0.03
2008,newfork,76,254,405,336,245,206,175,145,0.333333333,43.0974,6,0.789298,23.4,9.32,9.34,1,0.07,0.47,0.25,0.95,0.64,21.5,3141,0
2008,newfork,77,255,775,804,382,407,301,317,0.229166667,43.0971,2,0.757684,23.1,10.85,11.49,3,0.54,0.9,0.55,1,1,23.59,2278,0.16
2008,newfork,78,256,491,474,281,271,207,199,0.302325581,43.0971,5,0.795433,22.9,17.23,16.91,2,0.04,0.71,0.14,1,1,28.91,1287,0.02
2008,newfork,79,257,675,753,377,426,282,317,0.294117647,43.0958,8,0.80834,24.6,14.2,14.19,2,0.16,0.74,0.09,1,1,28.16,1783,0.03
2008,newfork,80,258,1229,1221,645,645,500,498,0.266666667,43.0955,8,0.813505,23.6,9.88,10.3,3,0.71,1,0.76,1,1,22.62,2716,0.09
2008,newfork,81,259,961,903,579,527,420,388,0.34939759,43.0957,7,0.821126,19.9,13.55,13.59,2,0.32,0.88,0.25,1,1,29.35,2023,0.03
2008,newfork,82,260,1211,1210,703,690,521,515,0.326086957,43.094,8,0.83346,22.9,15.12,15.62,3,0.8,1,0.69,1,1,26.02,1358,0.17
2008,newfork,87,261,1147,1087,722,675,513,482,0.384615385,43.0935,16,0.67656,23.4,12,12,3,0.65,1,0.54,1,1,22.37,1981,0
2008,newfork,88,262,286,278,148,152,111,112,0.228915663,43.0986,5,0.786899,25,15.65,15.2,1,0.03,0.38,0.07,0.84,0.66,27.19,1500,0.02
2008,newfork,89,263,445,487,236,247,179,190,0.255319149,43.0971,9,0.833823,23.3,12.98,13.09,1,0.09,0.74,0.18,1,1,27.01,2009,0.04
2008,newfork,90,264,662,542,370,297,277,223,0.294117647,43.0953,14,0.901552,23.6,10.53,11.23,1,0.13,0.74,0.14,0.99,0.97,25.91,2617,0.15
2008,newfork,92,265,1234,1240,759,765,546,549,0.367088608,43.1002,3,0.764921,22.3,10.08,13.2,3,0.88,1,0.57,1,1,21.28,1556,0
2008,newfork,93,266,1156,1140,586,576,460,453,0.247311828,43.1001,5,0.787522,24.7,18.24,18.2,3,0.82,1,0.78,1,1,27.23,1047,0.04
2008,newfork,94,267,1109,1067,593,580,456,442,0.275,43.1003,12,0.830566,22,17.74,17.73,3,0.86,1,0.45,1,1,26.88,1089,0.02
2008,newfork,95,268,657,630,395,372,286,271,0.341463415,43.1003,10,0.825436,24.6,9.99,10.22,2,0.13,0.75,0.15,1,1,24.25,2957,0.07
2008,newfork,96,269,934,865,646,581,433,396,0.462686567,43.1018,16,0.814228,22.5,12.39,12.52,2,0.17,0.83,0.08,1,1,23.13,1882,0.04
2008,newfork,97,270,1280,1264,823,800,578,567,0.402597403,43.1019,14,0.829387,22.5,15.45,15.59,3,0.88,1,0.67,1,1,25.38,1330,0.07
2008,newfork,98,271,1274,1277,638,640,504,505,0.242105263,43.1015,9,0.794269,22.9,10.95,11.21,3,0.51,1,0.74,1,1,24.83,2518,0.07
2008,newfork,99,272,1027,1035,661,665,463,467,0.4,43.1015,3,0.758756,22.2,16.43,16.79,2,0.41,0.99,0.38,1,1,29.1,1316,0.1
2008,newfork,100,273,1163,1175,732,733,520,523,0.384615385,43.094,7,0.821031,23.8,10.98,12.18,3,0.91,1,0.56,1,1,29.64,2546,0.21
2008,newfork,101,274,1310,1295,708,696,542,534,0.283950617,43.0958,3,0.759377,21.9,12.06,12.41,3,0.91,1,0.74,1,1,28.04,2320,0.1
2008,newfork,102,275,680,704,382,382,285,289,0.29787234,43.0972,5,0.750579,23.9,14,14,2,0.21,0.92,0.25,1,1,18.71,1217,0
2008,newfork,103,276,525,572,265,292,205,225,0.234042553,43.0994,10,0.755106,23,14.45,14.58,2,0.19,0.86,0.26,1,1,22.18,1330,0.03
2008,newfork,104,277,1305,1289,946,945,617,611,0.513513514,43.0946,1,0.745041,23.8,13.91,14.12,3,0.82,1,0.59,1,1,34.53,2207,0.04
2008,newfork,105,278,1273,1274,712,733,537,544,0.303370787,43.0959,2,0.73108,22.9,7.67,13.06,3,1,1,0.64,1,1,22.55,1684,0.08
2008,newfork,106,279,745,720,501,504,341,334,0.432432432,43.098,19,0.743502,20.6,12.01,12.08,2,0.07,0.77,0.1,1,1,36.14,3155,0.02
2008,newfork,107,280,1112,1115,757,752,514,513,0.45,43.094,1,0.729378,21.1,15.59,15.67,3,0.92,1,0.81,1,1,40.63,2108,0.03
2008,newfork,108,281,1257,1258,918,894,596,590,0.52,43.0958,12,0.738334,21,15.65,15.82,3,0.86,1,0.75,1,1,31.4,1599,0.09
2008,newfork,109,282,1267,1251,944,924,604,594,0.542857143,43.0975,26,0.538476,22.9,12.95,13,3,0.83,1,0.71,1,1,31.36,2363,0.03
2008,newfork,110,283,789,773,590,578,376,368,0.538461538,43.0962,25,0.709518,21.1,14.94,14.81,2,0.31,0.9,0.1,1,1,41.4,2405,0.03
2008,newfork,112,284,872,859,520,499,379,368,0.340909091,43.0947,21,0.683046,25.6,18.37,18.37,2,0.44,0.94,0.16,1,1,22.48,849,0
2008,newfork,114,285,1190,1207,774,778,540,545,0.411764706,43.094,24,0.707702,23.3,18.02,18.67,3,0.9,1,0.64,1,1,28.26,1033,0.15
2008,newfork,115,286,1286,1262,939,920,610,598,0.52,43.0927,2,0.756973,21.4,13.46,13.77,3,0.92,1,0.86,1,1,33.49,2249,0.07
2008,gunbarrel,big1,287,549,612,245,275,215,239,0.23636,44.5134,18,0.902161,23.18,19.73,22.36,3,0.87,1,0.42,1,1,34.42,877,0.36
2008,gunbarrel,big2,288,906,910,559,557,411,411,0.41177,44.5159,22,0.928367,24.88,16.79,16.97,3,0.92,1,0.28,1,1,33.89,1500,0
2008,gunbarrel,big3,289,1084,1085,560,549,451,446,0.28814,44.5235,17,0.88891,28.46,28.88,41.65,3,0.8,1,0.35,1,1,52.02,382,0.86
2008,gunbarrel,big4,290,1094,1129,402,392,368,363,0.15044,44.5228,8,0.813332,22.27,22.79,25.47,2,0.75,1,0.3,1,1,39.62,778,0.76
2008,gunbarrel,big5,291,1080,1036,619,580,473,449,0.35238,44.5202,19,0.926195,23.39,19.8,22.89,2,0.72,1,0.34,1,1,37.83,920,0.35
2008,gunbarrel,big6,292,756,684,358,309,303,267,0.25253,44.5172,11,0.767045,25.86,19.86,31.57,2,0.79,1,0.18,1,1,67.52,863,0.74
2008,gunbarrel,big7,293,349,357,160,162,143,145,0.27119,44.5206,10,0.785358,23.81,9.54,19.97,1,0.17,1,0.14,0.99,0.68,42.95,1372,0.76
2008,gunbarrel,big8,294,103,225,13,56,31,69,0.11504,44.5243,14,0.766599,24.6,21.9,33.42,1,0.16,1,0.19,1,1,60.77,693,0.86
2008,gunbarrel,big9,295,658,626,314,286,266,247,0.2605,44.5237,8,0.808643,24.88,19.19,26.13,2,0.38,1,0.09,1,1,41.72,778,0.63
2008,gunbarrel,big10,296,1096,1067,535,526,442,432,0.25862,44.529,15,0.860452,26.51,18.55,25.42,3,0.77,1,0.21,1,1,43.79,863,0.69
2008,gunbarrel,big11,297,1014,979,418,413,369,362,0.18868,44.5326,17,0.871153,27.42,17.51,27.74,2,0.47,1,0.16,1,1,57.26,948,0.68
2008,gunbarrel,big12,298,1117,1129,600,616,474,482,0.31035,44.5291,20,0.946552,24.02,18.35,23.28,3,0.85,1,0.2,1,1,43.93,1033,0.57
2008,gunbarrel,big13,299,773,726,317,293,284,264,0.19231,44.5257,32,0.910289,23.81,23.34,33.08,2,0.59,1,0.15,1,1,52.27,608,0.76
2008,gunbarrel,big14,300,368,327,123,107,125,111,0.15556,44.5229,31,1.030232,22.39,21.51,26.17,2,0.56,1,0.22,1,1,43.35,806,0.64
2008,gunbarrel,big15,301,832,854,337,342,302,307,0.18681,44.521,32,1.010877,24.41,17.08,23.25,2,0.27,0.89,0.05,0.83,0.92,51.01,1203,0.65
2008,gunbarrel,big16,302,154,138,68,58,67,59,0.34066,44.5183,17,0.915924,23.18,23.86,25.18,1,0.03,0.44,0.04,0.36,0.45,57.76,1160,0.19
2008,gunbarrel,big17,303,299,298,123,123,117,117,0.23404,44.5179,12,0.83263,29.76,18.56,39.96,1,0.05,0.8,0.06,0.9,0.53,65.61,523,0.91
2008,gunbarrel,big18,304,648,649,280,275,247,244,0.21739,44.519,12,0.855681,22.73,21.74,26.03,3,0.9,1,0.25,1,1,35.37,665,0.64
2008,gunbarrel,big19,305,810,792,400,376,331,316,0.27103,44.519,17,0.886692,23.18,22.35,23.24,3,0.85,1,0.38,1,1,26.4,622,0.12
2008,gunbarrel,goff1,306,541,621,133,196,143,187,0.08271,44.4953,37,1.022601,22.85,13.3,16.21,1,0.26,0.67,0.18,0.65,0.63,27.13,1316,0.36
2008,gunbarrel,goff2,307,859,761,369,334,323,291,0.20721,44.4996,23,0.941506,24.02,14.23,20.66,2,0.23,0.93,0.35,0.81,0.93,33.2,990,0.56
2008,gunbarrel,goff3,308,944,923,491,457,395,375,0.29524,44.4976,25,0.648675,28.39,15.95,20.88,2,0.37,1,0.36,1,1,32.42,948,0.48
2008,gunbarrel,goff4,309,2880,2079,219,206,242,225,-0.00752,44.4968,28,0.406633,25.51,12.89,26.13,2,0.65,1,0.35,1,1,56.87,1061,0.78
2008,gunbarrel,goff5,310,871,764,263,207,257,208,0.10744,44.4948,11,0.767378,28.26,15.43,25.02,1,0.13,0.82,0.28,0.62,0.88,48.65,990,0.71
2008,gunbarrel,goff6,311,750,926,207,272,209,266,0.09375,44.4937,16,0.835012,24.88,14.39,24.99,3,0.69,1,0.42,1,1,40.24,821,0.8
2008,gunbarrel,goff7,312,995,971,423,364,370,331,0.2,44.4989,32,1.032935,26.51,12.69,24.07,1,0.2,0.81,0.29,0.92,0.92,51.46,1132,0.8
2008,gunbarrel,goff8,313,639,647,247,236,228,221,0.17778,44.495,30,0.919128,26.19,9.83,21.34,2,0.34,0.93,0.38,1,0.98,30.86,863,0.77
2008,gunbarrel,goff9,314,1030,1049,548,490,435,410,0.30667,44.4916,22,0.908814,26.19,15.66,22,3,0.78,1,0.39,1,1,46.78,1231,0.61
2008,gunbarrel,goff10,315,834,816,351,311,310,283,0.2,44.4885,26,0.802262,22.62,16.53,25.54,3,0.9,1,0.39,1,1,44.18,863,0.79
2008,gunbarrel,goff11,316,541,532,247,235,215,207,0.24706,44.4865,29,0.900194,28.78,17.73,32.06,1,0.24,0.79,0.2,0.95,0.94,63.91,792,0.81
2008,gunbarrel,goff12,317,816,896,378,433,322,361,0.24051,44.4844,15,0.884842,22.62,10.85,19.16,2,0.28,0.97,0.06,1,1,41.59,1443,0.77
2008,gunbarrel,goff13,318,978,991,474,464,394,390,0.25714,44.4821,30,0.778246,24.02,10.89,19.2,3,0.87,1,0.41,1,1,43,1485,0.72
2008,gunbarrel,goff14,319,1047,1091,475,488,405,417,0.22581,44.4911,22,0.850184,22.27,17.51,21.11,3,0.91,1,0.27,1,1,37.13,1061,0.57
2008,gunbarrel,goff15,320,453,456,210,212,183,185,0.2623,44.4803,20,0.830301,26.67,17.92,27.28,3,0.82,1,0.12,1,1,56.21,962,0.64
2008,gunbarrel,goff16,321,368,363,179,176,154,152,0.29787,44.4757,17,0.837421,24.98,14.23,25.69,2,0.86,1,0.05,1,1,24.19,467,0.78
2008,gunbarrel,goff17,322,596,588,289,287,244,242,0.27273,44.4823,24,0.935316,23.07,19.66,23.76,2,0.75,1,0.23,1,1,48.28,1089,0.54
2008,gunbarrel,goff18,323,804,799,343,354,302,306,0.20635,44.4764,27,0.795771,20.73,13.81,18.1,3,1,1,0.4,1,1,37.46,1457,0.76
2008,gunbarrel,goff19,324,835,808,598,563,399,383,0.55102,44.4708,19,0.581937,20.02,17.35,20.09,3,0.96,1,0.27,1,1,30.92,976,0.51
2008,gunbarrel,goff20,325,622,590,372,345,281,264,0.4,44.4661,25,0.836879,26.51,14.48,24.29,1,0.25,0.91,0.07,0.53,0.82,44.54,962,0.73
2008,gunbarrel,goff21,326,485,556,161,214,159,199,0.14286,44.4719,24,0.967013,25.43,15.82,30.07,3,1,1,0.17,1,1,49.19,693,0.92
2008,gunbarrel,goff22,327,729,563,407,297,318,240,0.34615,44.4696,23,0.899106,23.61,14.39,25.47,3,1,1,0.23,1,1,51.14,1004,0.8
2008,gunbarrel,goff23,328,935,931,563,556,420,416,0.3913,44.467,30,0.688415,22.15,17.78,22.5,2,0.51,1,0.29,1,1,29.8,750,0.63
2008,gunbarrel,goff24,329,638,625,377,371,286,281,0.3913,44.463,19,0.937648,24.22,13.63,17.36,1,0.03,0.43,0.1,0.41,0.57,47.51,2009,0.58
2008,gunbarrel,jim1,330,21,58,-8,13,9,25,0.41748,44.5228,20,0.705695,26.35,22.38,32.73,1,0.1,0.92,0.04,0.88,0.91,73.74,877,0.75
2008,gunbarrel,jim2,331,524,654,229,322,204,268,0.22917,44.5244,20,0.892274,26.51,17.83,28.99,2,0.52,0.99,0.26,1,1,62.51,948,0.74
2008,gunbarrel,jim3,332,821,819,462,451,358,354,0.34783,44.5308,37,1.046063,30.1,25.21,31.72,3,0.72,1,0.23,1,1,60.34,764,0.43
2008,gunbarrel,jim4,333,480,425,236,206,200,176,0.28814,44.528,36,1.04977,24.12,24.23,31.1,1,0.1,0.8,0.13,0.33,0.5,49.4,651,0.71
2008,gunbarrel,jim5,334,871,842,360,348,320,309,0.19266,44.5269,31,0.926445,25.51,23.1,24.99,3,0.84,1,0.4,1,1,49.22,1004,0.21
2008,gunbarrel,jim6,335,264,282,126,136,112,120,0.3125,44.5267,26,0.92537,25.94,18.66,23.18,1,0.39,0.84,0.15,0.61,0.71,52.49,1245,0.43
2008,gunbarrel,jim7,336,197,179,67,60,73,67,0.20388,44.5235,19,0.930283,23.81,23.01,24.54,1,0.04,0.51,0.09,0.38,0.51,80.24,1698,0.37
2008,gunbarrel,mummy1,337,62,102,1,17,20,33,0.13762,44.4638,27,0.990216,27.13,12.02,21.8,1,0.05,0.62,0.16,0.15,0.43,31.15,835,0.75
2008,gunbarrel,mummy2,338,354,351,105,101,112,108,0.12871,44.4661,30,1.024531,22.85,15.61,21.09,2,0.35,0.96,0.19,1,1,22.23,637,0.58
2008,gunbarrel,mummy3,339,901,925,303,311,287,294,0.13044,44.4751,20,0.847561,20.31,14.09,22.25,3,1,1,0.37,1,1,25.28,651,0.84
2008,gunbarrel,mummy4,340,531,650,194,230,185,218,0.16522,44.4706,25,0.925703,25.77,11.2,13.89,3,0.59,1,0.22,1,1,23.58,1556,0.34
2008,gunbarrel,clearwater1,341,621,599,229,225,215,210,0.16327,44.476,26,0.983443,26.82,12.19,19.44,3,0.76,1,0.32,1,1,28.96,976,0.64
2008,gunbarrel,clearwater2,342,694,617,245,217,232,207,0.14852,44.4725,24,0.982192,25.69,11.73,16.27,3,0.9,1,0.21,1,1,26.17,1259,0.55
2008,gunbarrel,clearwater3,343,810,780,269,290,257,267,0.12963,44.471,9,0.616284,23.61,12.86,17.77,3,0.97,1,0.22,1,1,27.37,1103,0.58
2008,gunbarrel,clearwater4,344,679,666,330,323,277,271,0.26857,44.5022,31,1.021581,26.43,12.9,25.51,3,0.87,1,0.36,1,1,41.9,821,0.8
2008,gunbarrel,clearwater5,345,677,668,356,350,288,284,0.31126,44.5005,19,0.718038,25.25,13.74,13.74,3,0.92,1,0.32,1,1,28.09,1896,0
2008,gunbarrel,clearwater6,346,314,324,178,182,142,146,0.40594,44.4958,3,0.729027,25.69,19.71,25.19,1,0.2,0.82,0.07,0.38,0.69,22.54,453,0.5
2008,gunbarrel,clearwater7,347,719,683,472,406,335,304,0.47253,44.4918,7,0.723579,25.69,13.59,17.14,2,0.48,1,0.29,1,1,23.16,1004,0.41
2008,gunbarrel,clearwater8,348,496,540,303,314,227,241,0.42857,44.4933,3,0.676149,21.27,15.96,20.38,2,0.9,1,0.18,1,1,23.06,707,0.5
2008,gunbarrel,clearwater9,349,400,411,220,216,177,177,0.36539,44.4898,12,0.859536,25.34,14.67,15.54,2,0.48,1,0.06,1,1,28.95,1528,0.09
2008,gunbarrel,clearwater10,350,747,669,357,283,301,249,0.25773,44.4932,25,0.986278,21.9,12.21,14.67,2,0.55,1,0.5,1,1,22.47,1330,0.35
2008,gunbarrel,clearwater11,351,498,479,171,148,167,150,0.15044,44.49,15,0.575693,20.31,15.57,16.02,2,0.53,1,0.35,1,1,19.09,948,0.07
2008,gunbarrel,clearwater12,352,86,159,13,47,30,57,0.16327,44.4947,29,0.75299,24.88,9.01,16.89,2,0.2,0.5,0.15,1,0.98,37.09,1655,0.69
2008,gunbarrel,clearwater13,353,589,632,208,220,199,210,0.15217,44.4876,17,0.556713,24.79,13.33,23.47,2,0.76,1,0.33,1,1,37.31,863,0.73
2008,gunbarrel,clearwater14,354,712,637,300,258,267,233,0.2043,44.4821,30,0.902093,27.42,18.52,27.28,3,0.67,1,0.47,1,1,51.25,877,0.66
2008,gunbarrel,clearwater15,355,668,630,248,229,231,216,0.16327,44.479,28,0.964591,26.98,13.95,22.04,2,0.67,1,0.26,1,1,33.46,877,0.67
2008,gunbarrel,libby1,356,520,452,259,218,217,187,0.29268,44.4768,24,0.498936,24.6,11.44,12.69,1,0.08,1,0.13,0.07,0.15,12.87,1019,0.26
2008,gunbarrel,libby2,357,621,591,295,277,251,238,0.26027,44.4809,23,0.596779,26.19,24.12,35.78,2,0.08,0.97,0.09,0.65,0.85,39.82,396,0.74
2008,gunbarrel,libby3,358,445,416,209,192,181,169,0.26966,44.4836,23,0.85822,25.86,22.16,35.62,2,0.31,0.95,0.05,1,1,53.54,538,0.78
2008,gunbarrel,libby4,359,980,968,410,404,361,356,0.19403,44.4872,34,0.67658,24.6,16.9,20.4,3,0.78,1,0.23,1,1,31.43,962,0.36
2008,gunbarrel,libby5,360,741,767,332,341,288,296,0.22807,44.4869,9,0.826009,26.51,18.74,27.77,3,0.8,1,0.17,1,1,47.96,792,0.67
2008,gunbarrel,libby6,361,1043,977,515,449,423,380,0.26563,44.4932,31,0.937965,26.27,16.27,18.53,3,1,1,0.48,1,1,43.49,1613,0.24
2008,gunbarrel,libby7,362,1447,1285,681,611,568,508,0.23636,44.4878,17,0.877226,27.71,16.28,24.37,3,0.74,1,0.41,1,1,51.46,1103,0.65
2008,gunbarrel,libby8,363,639,696,274,304,243,267,0.21495,44.4837,20,0.863695,26.19,13.41,29.09,1,0.08,0.78,0.32,0.48,0.81,76.14,1146,0.83
2008,gunbarrel,libby9,364,262,269,100,100,100,101,0.216,44.4828,28,1.000767,23.5,20.39,29.23,1,0.04,0.44,0.11,0.14,0.33,61.66,920,0.75
2008,gunbarrel,gunbarrel1,365,721,676,350,325,293,274,0.26667,44.4644,25,0.418561,26.67,13.59,24.89,2,0.63,1,0.17,1,1,33.03,679,0.76
2008,gunbarrel,gunbarrel2,366,365,497,126,186,126,175,0.16484,44.4704,26,0.997187,23.18,16.59,24.46,1,0.1,0.79,0.24,0.47,0.82,35.22,750,0.72
2008,gunbarrel,gunbarrel3,367,214,294,54,91,67,98,0.125,44.4655,20,0.934285,28.12,17.93,24.8,2,0.6,0.87,0.24,1,1,26.65,552,0.54
2008,gunbarrel,gunbarrel4,368,332,447,82,114,94,123,0.09836,44.4797,33,1.004721,26.35,17.37,26.55,1,0.16,0.87,0.23,0.88,0.89,62.63,1132,0.76
2008,gunbarrel,gunbarrel5,369,698,637,254,185,238,182,0.15686,44.4818,25,0.985102,24.12,21.25,24.65,1,0.09,0.84,0.34,0.48,0.66,49.24,1033,0.55
2008,gunbarrel,gunbarrel6,370,676,754,240,236,227,230,0.15094,44.4815,24,0.957199,25.86,16.72,26.77,2,0.17,0.96,0.2,1,1,65.25,1160,0.69
2008,gunbarrel,gunbarrel7,371,746,682,131,122,146,137,0.04274,44.4789,21,0.906092,25.51,14.5,22.14,1,0.03,0.38,0.17,0.12,0.16,28.85,750,0.7
2008,newfork,newfork_ub1,372,-125,-127,-77,-79,-58,-60,0.49153,43.1178,14,0.708373,,,,0,0,0,0,0,0,,,0
2008,newfork,newfork_ub2,373,-100,-88,-55,-48,-46,-40,0.42857,43.1134,14,0.8715,,,,0,0,0,0,0,0,,,0
2008,newfork,newfork_ub3,374,-95,-61,-53,-28,-44,-27,0.45263,43.1147,4,0.755297,,,,0,0,0,0,0,0,,,0
2008,newfork,newfork_ub4,375,-9,-30,5,-10,-4,-14,0.41667,43.1194,22,0.937449,,,,0,0,0,0,0,0,,,0
2008,newfork,newfork_ub5,376,-93,-129,-56,-82,-44,-61,0.51111,43.1027,23,0.718114,,,,0,0,0,0,0,0,,,0
2008,newfork,newfork_ub6,377,-41,-46,-16,-15,-18,-19,0.42857,43.0986,18,0.936415,,,,0,0,0,0,0,0,,,0
2008,newfork,newfork_ub7,378,-16,-26,-1,-7,-7,-12,0.52,43.1027,22,0.762338,,,,0,0,0,0,0,0,,,0
2008,newfork,newfork_ub8,379,195,166,148,129,91,78,0.49206,43.0981,16,0.900735,,,,0,0,0,0,0,0,,,0.75
2008,newfork,newfork_ub9,380,109,51,104,55,54,25,0.7193,43.0428,24,0.752066,,,,0,0,0,0,0,0,,,0.25
2008,newfork,newfork_ub10,381,-52,-59,-29,-35,-25,-28,0.57143,43.0393,19,0.598997,,,,0,0,0,0,0,0,,,0.25
2008,newfork,newfork_ub11,382,-54,-70,-30,-42,-26,-33,0.56,43.0383,29,0.711912,,,,0,0,0,0,0,0,,,0.25
2008,newfork,newfork_ub12,383,10,-29,20,-11,5,-14,0.68116,43.0441,4,0.710305,,,,0,0,0,0,0,0,,,0.25
2008,newfork,newfork_ub13,384,-5,7,7,16,-2,3,0.52542,43.0757,24,0.574356,,,,0,0,0,0,0,0,,,0
2008,newfork,newfork_ub14,385,-107,-133,-60,-75,-49,-60,0.44,43.0769,31,0.652005,,,,0,0,0,0,0,0,,,0
2008,newfork,newfork_ub15,386,-60,-32,-33,-11,-28,-15,0.53488,43.0825,24,0.778047,,,,0,0,0,0,0,0,,,0
2008,newfork,newfork_ub16,387,-115,-97,-48,-38,-46,-39,0.26316,43.0845,10,0.856244,,,,0,0,0,0,0,0,,,0
2008,newfork,newfork_ub17,388,-79,-82,-43,-44,-36,-37,0.46342,43.0876,17,0.773933,,,,0,0,0,0,0,0,,,0.25
2008,newfork,newfork_ub18,389,-100,-112,-52,-54,-45,-48,0.39241,43.0833,16,0.626665,,,,0,0,0,0,0,0,,,0
2008,newfork,newfork_ub19,390,-128,-126,-64,-51,-55,-49,0.34375,43.0828,5,0.730296,,,,0,0,0,0,0,0,,,0
2008,newfork,newfork_ub20,391,-52,-55,-27,-28,-25,-26,0.51613,43.0836,11,0.738422,,,,0,0,0,0,0,0,,,0
2008,newfork,newfork_ub21,392,-3,11,9,17,-1,4,0.35135,43.0805,21,0.971947,,,,0,0,0,0,0,0,,,0
2008,newfork,newfork_ub22,393,-31,-48,-11,-21,-14,-22,0.47619,43.0811,32,0.440468,,,,0,0,0,0,0,0,,,0
2008,newfork,newfork_ub23,394,-204,-139,-91,-59,-81,-55,0.25,43.0795,14,0.896836,,,,0,0,0,0,0,0,,,0
2008,newfork,newfork_ub24,395,-14,-92,5,-31,-5,-34,0.16832,43.0827,16,0.691622,,,,0,0,0,0,0,0,,,0
2008,newfork,newfork_ub25,396,-65,-101,-23,-41,-26,-41,0.26882,43.0844,18,0.601608,,,,0,0,0,0,0,0,,,0.25
2008,newfork,newfork_ub26,397,-161,-104,-85,-53,-70,-46,0.35211,43.0845,2,0.747815,,,,0,0,0,0,0,0,,,0
2008,gunbarrel,gunbarrel_ub1,398,134,126,-22,-22,49,46,0.2,44.5184,18,0.622965,,,,0,0,0,0,0,0,,,0.75
2008,gunbarrel,gunbarrel_ub2,399,-2,-5,-16,-11,0,-1,0.24074,44.5173,15,0.690356,,,,0,0,0,0,0,0,,,0.5
2008,gunbarrel,gunbarrel_ub3,400,-47,25,0,12,-20,11,0.31915,44.52,11,0.84741,,,,0,0,0,0,0,0,,,0.5
2008,gunbarrel,gunbarrel_ub4,401,-343,-354,-97,-95,-144,-148,0.3,44.5298,34,0.399112,,,,0,0,0,0,0,0,,,0.25
2008,gunbarrel,gunbarrel_ub5,402,93,24,21,9,38,10,0.27451,44.5315,11,0.622901,,,,0,0,0,0,0,0,,,0.75
2008,gunbarrel,gunbarrel_ub6,403,73,80,47,47,26,28,0.19266,44.5164,26,0.963844,,,,0,0,0,0,0,0,,,0.75
2008,gunbarrel,gunbarrel_ub7,404,99,62,40,34,39,25,0.24211,44.5163,21,0.429265,,,,0,0,0,0,0,0,,,0.5
2008,gunbarrel,gunbarrel_ub8,405,4,4,-22,-44,1,1,0.23077,44.5202,32,0.525298,,,,0,0,0,0,0,0,,,0
2008,gunbarrel,gunbarrel_ub9,406,109,91,94,87,44,36,0.26126,44.5165,26,0.384908,,,,0,0,0,0,0,0,,,0
2008,gunbarrel,gunbarrel_ub10,407,-233,-171,-138,-107,-95,-72,0.27273,44.4914,21,0.546693,,,,0,0,0,0,0,0,,,0.25
2008,gunbarrel,gunbarrel_ub11,408,151,112,-85,-87,49,36,0.13684,44.4925,24,0.811101,,,,0,0,0,0,0,0,,,0.25
2008,gunbarrel,gunbarrel_ub12,409,-101,-44,-25,-45,-35,-15,0.17117,44.489,23,0.922999,,,,0,0,0,0,0,0,,,0
2008,gunbarrel,gunbarrel_ub13,410,-32,36,-35,-21,-12,14,0.23729,44.4804,15,0.794067,,,,0,0,0,0,0,0,,,0.75
2008,gunbarrel,gunbarrel_ub14,411,-139,-106,34,10,-55,-42,0.25253,44.4771,21,0.847546,,,,0,0,0,0,0,0,,,0
2008,gunbarrel,gunbarrel_ub15,412,227,239,-11,-24,88,92,0.22523,44.4755,37,1.037434,,,,0,0,0,0,0,0,,,0.5
2008,gunbarrel,gunbarrel_ub16,413,-142,-104,-79,-54,-49,-35,0.15909,44.4524,35,0.988849,,,,0,0,0,0,0,0,,,0.25
2008,gunbarrel,gunbarrel_ub17,414,-89,-89,-59,-61,-33,-33,0.20988,44.4491,30,0.519629,,,,0,0,0,0,0,0,,,0.25
2008,gunbarrel,gunbarrel_ub18,415,69,23,-113,-94,25,9,0.2,44.455,25,0.793493,,,,0,0,0,0,0,0,,,0.25
2008,gunbarrel,gunbarrel_ub19,416,68,63,20,14,28,26,0.2782,44.4461,36,1.038772,,,,0,0,0,0,0,0,,,0
2008,gunbarrel,gunbarrel_ub20,417,-369,-223,102,68,-152,-93,0.28261,44.4404,28,0.898148,,,,0,0,0,0,0,0,,,0
2008,gunbarrel,gunbarrel_ub21,418,-156,-160,-73,-65,-59,-61,0.21739,44.4467,38,1.051437,,,,0,0,0,0,0,0,,,0.25
2008,gunbarrel,gunbarrel_ub22,419,45,15,-1,-15,19,6,0.30645,44.4618,19,0.453528,,,,0,0,0,0,0,0,,,0.75
2008,gunbarrel,gunbarrel_ub23,420,142,61,-68,-32,48,20,0.15556,44.4708,26,0.922138,,,,0,0,0,0,0,0,,,0.25
2008,gunbarrel,gunbarrel_ub24,421,298,159,12,18,115,61,0.22772,44.4753,30,0.915628,,,,0,0,0,0,0,0,,,0.25
2008,gunbarrel,gunbarrel_ub25,422,-378,-370,60,65,-150,-146,0.24706,44.4934,24,0.492577,,,,0,0,0,0,0,0,,,0.75
2008,gunbarrel,gunbarrel_ub26,423,37,92,100,48,17,43,0.4902,44.4966,20,0.585947,,,,0,0,0,0,0,0,,,0.75
2011,rr,rr_ub_4,424,-79,39,27,93,-26,17,0.162162,43.5473,34,0.96833,,,,0,0,0,0,0,0,,,0.5
2011,rr,rr_ub_5,425,-215,-219,-23,-24,-70,-71,0.145833,43.5664,2,0.696008,,,,0,0,0,0,0,0,,,0.5
2011,rr,rr_ub_6,426,-76,-107,7,-62,-34,-45,0.464789,43.5693,7,0.652514,,,,0,0,0,0,0,0,,,0.5
2011,rr,rr_ub_7,427,14,56,72,206,7,28,0.758621,43.5432,14,0.527025,,,,0,0,0,0,0,0,,,0.5
2011,rr,rr_ub_8,428,298,292,228,158,128,129,0.320261,43.5388,15,0.624284,,,,0,0,0,0,0,0,,,0.5
2011,rr,rr_ub_9,429,-131,-116,-35,-36,-61,-53,0.513514,43.5136,16,0.61072,,,,0,0,0,0,0,0,,,0.5
2011,rr,rr_ub_10,430,-64,-34,13,10,-29,-15,0.513514,43.5239,21,0.479199,,,,0,0,0,0,0,0,,,0.5
2012,LittleSands,LS27,431,-11,-49,46,20,-5,-23,0.62162,37.449,57,0.994127,,,,0,0,0,0,0,0,,,0.2
2012,LittleSands,LS28,432,-50,-47,18,20,-24,-22,0.53333,37.442,53,0.996786,,,,0,0,0,0,0,0,,,0.14
2012,LittleSands,LS29,433,-147,-128,-46,-32,-68,-59,0.46809,37.443,26,1.058362,,,,0,0,0,0,0,0,,,0.15
2012,LittleSands,LS30,434,-92,-80,-6,1,-42,-37,0.43182,37.441,30,1.087641,,,,0,0,0,0,0,0,,,0.15
2012,LittleSands,LS31,435,-97,-83,-18,-7,-46,-39,0.55769,37.433,47,1.075414,,,,0,0,0,0,0,0,,,0.1
2012,LittleSands,LS32,436,-83,-67,-6,6,-39,-32,0.53153,37.429,42,0.984002,,,,0,0,0,0,0,0,,,0.25
2012,LittleSands,LS33,437,-144,-124,-32,-21,-63,-55,0.36449,37.486,14,0.715112,,,,0,0,0,0,0,0,,,0.21
2013,Papoose,PA41,438,283,276,72,68,117,114,0.28736,37.695,44,0.883696,,,,0,0,0,0,0,0,,,0.6
2013,Papoose,PA42,439,148,148,46,39,55,56,0.2043,37.69,21,1.032365,,,,0,0,0,0,0,0,,,0.56
2013,Papoose,PA43,440,402,525,130,185,113,166,0.09524,37.685,28,0.859159,,,,0,0,0,0,0,0,,,0.82
2013,Papoose,PA44,441,603,596,228,249,234,239,0.22807,37.683,16,0.57268,,,,0,0,0,0,0,0,,,0.42
2013,Papoose,PA45,442,581,574,164,165,216,206,0.2,37.675,5,0.792366,,,,0,0,0,0,0,0,,,0.71
2013,Papoose,PA46,443,173,56,-39,-20,74,25,0.32653,37.664,14,0.933445,,,,0,0,0,0,0,0,,,0.35
2013,Papoose,PA47,444,173,183,28,26,72,75,0.29524,37.656,36,1.050396,,,,0,0,0,0,0,0,,,0.75
2013,Papoose,PA48,445,399,443,82,86,115,144,0.1017,37.64,39,0.562322,,,,0,0,0,0,0,0,,,0.9
2013,Papoose,PA49,446,136,147,75,62,58,63,0.3271,37.588,24,1.046527,,,,0,0,0,0,0,0,,,0.6
2013,Papoose,PA50,447,363,351,149,146,166,159,0.42593,37.585,56,0.67353,,,,0,0,0,0,0,0,,,0.65
2013,Papoose,PA51,448,176,192,3,17,70,79,0.25532,37.581,26,0.877846,,,,0,0,0,0,0,0,,,0.75
2013,WestFork,WF54,449,290,296,131,,121,124,0.44828,37.592,8,0.72736,,,,0,0,0,0,0,0,,,0.75
2013,WestFork,WF55,450,520,482,342,262,249,231,0.55844,37.601,28,0.711094,,,,0,0,0,0,0,0,,,0.75
2013,WestFork,WF56,451,591,594,339,331,261,261,0.36471,37.619,16,0.586738,,,,0,0,0,0,0,0,,,0.6
2013,WestFork,WF57,452,377,372,219,208,173,171,0.43478,37.623,24,0.655657,,,,0,0,0,0,0,0,,,0.26
2013,WestFork,WF58,453,693,693,429,416,317,313,0.42857,37.612,15,0.755555,,,,0,0,0,0,0,0,,,0.8
2013,WestFork,WF59,454,546,561,347,348,244,251,0.38272,37.61,19,0.983371,,,,0,0,0,0,0,0,,,0.8
2013,WestFork,WF60,455,635,623,358,363,281,277,0.36709,37.608,32,1.002258,,,,0,0,0,0,0,0,,,0.85
2013,WestFork,WF61,456,591,605,287,309,247,256,0.29546,37.605,20,1.010311,,,,0,0,0,0,0,0,,,0.84
2013,WestFork,WF62,457,-55,-46,-26,-15,-20,-17,0.2037,37.532,15,0.59014,,,,0,0,0,0,0,0,,,0.4
2013,WestFork,WF63,458,2,-41,77,56,0,-17,0.2459,37.542,60,0.198108,,,,0,0,0,0,0,0,,,0.3
2013,WestFork,WF64,459,-5,132,100,85,-2,55,0.25862,37.522,41,0.626401,,,,0,0,0,0,0,0,,,0.75
2013,WestFork,WF65,460,17,26,90,91,5,8,0.12,37.512,23,0.898674,,,,0,0,0,0,0,0,,,0.65
2013,WestFork,WF66,461,-16,7,82,102,-6,3,0.24561,37.508,26,1.067474,,,,0,0,0,0,0,0,,,0.65
2013,WestFork,WF67,462,81,46,111,99,33,19,0.28125,37.5,24,0.876374,,,,0,0,0,0,0,0,,,0.65
2013,WindyPass,WP16,463,93,92,11,15,41,42,0.35593,37.467,46,0.318866,,,,0,0,0,0,0,0,,,0.5
2013,WindyPass,WP17,464,488,557,249,288,215,245,0.36232,37.468,35,1.103725,,,,0,0,0,0,0,0,,,0.6
2013,WindyPass,WP18,465,635,611,357,336,286,274,0.4,37.458,28,1.080234,,,,0,0,0,0,0,0,,,0.6
2013,WindyPass,WP19,466,361,338,173,161,159,150,0.36364,37.442,21,1.025577,,,,0,0,0,0,0,0,,,0.11
2013,WindyPass,WP20,467,130,127,53,54,62,62,0.56303,37.428,36,0.728235,,,,0,0,0,0,0,0,,,0.05
2013,WindyPass,WP21,468,431,367,145,128,187,158,0.30509,37.446,42,0.658368,,,,0,0,0,0,0,0,,,0.2
2012,LittleSands,LS06,469,-35,-14,36,47,-14,,0.28846,37.455,25,0.942253,22,30.46948458,30.58106102,1,0.24,0.5475,0.1,0.361517737,0.576923077,73.4133015,1000,0.09
2012,LittleSands,LS07,470,259,151,219,150,117,68,0.39837,37.4576,9,0.769788,35,18.57722434,26.09783284,2,0.38,0.723076923,0.1,1,1,69.5059365,1300,0.201
2012,LittleSands,LS08,471,26,40,71,80,11,18,0.35537,37.4968,45,0.547202,30,22.83629489,24.55634355,1,0.09,0.553448276,0.3,0.507452774,0.352941176,68.6380695,1450,0.145
2012,LittleSands,LS09,472,149,149,148,150,66,67,0.38889,37.4936,40,0.341686,32,24.20724581,31.04221273,1,0.19,0.835897436,0.1,0.636524823,0.730769231,73.752987,975,0.225
2012,LittleSands,LS15,473,-91,-11,-5,48,-41,-5,0.43396,37.4637,40,0.329965,,23.43985663,25.71931631,1,0.18,0.758536585,0.2,0.519147341,0.676470588,53.2245945,1025,0.104
2012,LittleSands,LS17,474,395,254,327,230,184,118,0.47458,37.4482,9,0.738929,32,28.18888124,29.78200559,1,0.07,0.235294118,0.1,0.179319028,0.208333333,74.872182,775,0.124
2012,LittleSands,LS20,475,753,654,539,471,342,295,0.41304,37.4901,36,0.610602,20,17.97551413,18.65707291,1,0.3,0.805454546,0.5,0.927938072,0.977272727,37.5715725,1375,0
2013,Papoose,PA04,476,711,671,349,336,322,303,0.41177,37.7441,25,0.764029,25,11.9517981,19.0056031,1,0.07,0.368115942,0.225,0.184336199,0.142857143,48.9127485,1725,0.857
2013,Papoose,PA05,477,643,654,395,411,287,293,0.38462,37.7417,35,0.807272,29,10.54737568,16.46510273,1,0.09,0.575641026,0.6,0.492933619,0.411764706,41.4985725,1950,0.626
2013,Papoose,PA24,478,977,946,690,674,460,441,0.5,37.7898,60,0.460502,21,14.62412452,16.18427314,2,0.44,0.963513514,0.97,1,1,38.0388855,1850,0.537
2013,Papoose,PA33,479,618,569,126,147,235,221,0.21569,37.6473,0,0.807029,23,14.86504899,21.31198143,1,0.14,0.567692308,0.25,0.667529107,0.5,57.938958,1625,0.725
2013,Papoose,PA34,480,894,759,364,341,326,286,0.18812,37.6495,22,0.758578,,13.51968856,19.87746788,1,0.39,0.761875,0.7875,0.752584844,0.777777778,62.0328555,2000,0.623
2013,Papoose,PA36,481,209,254,221,219,84,101,0.26214,37.6414,10,0.713826,26,8.752229015,18.6125343,1,0.07,0.148333333,0.35,0.244897959,0.2,40.7917125,1500,0.822
2013,Papoose,PA38,482,628,636,331,297,247,254,0.23729,37.6595,11,0.760652,,17.7373836,19.52596069,1,0.19,0.725423729,0.575,0.446082683,0.477272727,56.9316825,1450,0.181
2013,WestFork,WF03,483,313,431,118,215,134,194,0.32632,37.6025,27,1.074188,24,19.76725724,26.35208945,1,0.13,0.748684211,0.4,0.83961825,0.818181818,51.7873125,950,0.54
2013,WestFork,WF04,484,740,679,463,421,342,310,0.45206,37.5994,25,1.067712,34,18.94447964,23.17612854,1,0.18,0.78125,0.525,0.599222361,0.852941176,67.4638965,1600,0.547
2013,WestFork,WF06,485,673,597,375,369,304,267,0.4,37.5991,24,1.031772,,7.10174465,18.99303674,1,0.05,0.293103448,0.15,0.590622182,0.523809524,41.060712,1450,0.816
2013,WestFork,WF08,486,279,315,222,212,126,143,0.40187,37.5958,12,0.64976,23,13.61974515,17.57115471,1,0.18,0.674117647,0.4,0.578811786,0.656716418,64.71696,2125,0.194
2013,WestFork,WF10,487,674,639,228,234,275,262,0.26923,37.5793,9,0.833368,25,12.7265408,26.28925091,1,0.11,0.611363636,0.425,0.52943314,0.55,59.678619,1100,0.88
2013,WestFork,WF11,488,632,598,284,279,252,239,0.25,37.5805,15,0.967686,,10.36281938,28.97970093,1,0.17,0.360869565,0.325,0.198757764,0,89.920446,1075,0.649
2013,WestFork,WF15,489,573,565,345,333,244,242,0.31579,37.6221,20,0.930993,27,8.580631769,18.79491615,1,0.14,0.291954023,0.4,0.526829268,0.5,60.3128295,2175,0.722
2013,WestFork,WF16,490,379,428,404,412,169,191,0.38462,37.6247,21,0.886787,20,10.61401789,22.49543534,1,0.2,0.349180328,0.225,0.153345175,0.428571429,60.5798655,1525,0.448
2013,WestFork,WF17,491,645,682,418,455,288,303,0.38462,37.6274,38,0.726956,24,17.89310083,27.73178774,1,0.05,0.173076923,0.15,0.070089286,0.083333333,79.9910265,1325,0.735
2013,WestFork,WF21,492,497,626,295,300,208,267,0.29546,37.6412,27,0.434097,24,11.37328415,19.97556558,1,0.01,0.244,0.35,0.478453039,0.47826087,39.1541535,1250,0.767
2013,WestFork,WF25,493,677,650,456,409,293,288,0.33333,37.6466,13,0.614978,20,8.297785753,19.63021117,1,0.22,0.668085106,0.3,0.349405548,0.636363636,35.543277,1175,0.858
2013,WestFork,WF26,494,565,584,348,342,250,257,0.36842,37.6469,8,0.716616,22,10.80312856,18.37005988,1,0.01,0.091489362,0.1,0.056199397,0.042553191,62.2527675,2350,0.584
2013,WestFork,WF32,495,633,593,553,509,296,276,0.48235,37.4675,0,0.809475,20,12.82971893,20.12220626,1,0.16,0.766666667,0.15,0.843916205,0.824561404,52.445085,1650,0.477
2013,WestFork,WF33,496,259,271,389,396,120,126,0.47273,37.4741,18,0.762334,27,23.30952294,28.21362882,1,0.44,0.913793103,0.3,0.305466407,0.8,90.6057075,1450,0.283
2013,WestFork,WF40,497,491,423,183,104,208,183,0.31111,37.4749,31,1.049308,25,28.33361032,31.51020107,2,0.46,0.851612903,0.1,0.993864443,0.923076923,60.405114,775,0.425
2013,WestFork,WF41,498,349,411,262,277,153,181,0.35065,37.4783,32,0.593941,36,19.03715174,28.34172784,1,0.28,0.908888889,0.1,1,1,70.937328,1125,0.64
2013,WestFork,WF45,499,461,470,193,259,210,214,0.41936,37.4846,26,1.045747,30,16.81414327,33.09813434,1,0.22,0.846428571,0.3,0.898887765,0.928571429,60.196983,700,0.821
2013,WindyPass,WP02,500,742,727,476,436,348,333,0.49367,37.4466,8,0.804733,21,24.41036606,33.83390321,1,0.03,0.2,0.175,0.374645818,0.25,89.861541,1000,0.706
2013,WindyPass,WP03,501,819,829,502,520,378,385,0.44555,37.4471,46,0.752768,,22.20362769,35.81577288,1,0.16,0.862790698,0.85,0.147133435,0.6,108.2497185,1075,0.648
2013,WindyPass,WP04,502,807,802,470,468,365,364,0.40741,37.4441,50,0.942073,30,15.9817332,23.99078645,1,0.14,0.679411765,0.725,0.885002798,0.904761905,76.808193,1700,0.513
2013,WindyPass,WP05,503,715,704,439,431,331,326,0.45882,37.4448,37,0.877829,22.8,16.09757667,24.65827644,1,0.09,0.695348837,0.6,0.531414531,0.608695652,51.310182,1075,0.885
2013,WindyPass,WP09,504,762,728,450,433,347,333,0.42169,37.4398,25,1.043668,30,17.37297851,24.77891286,1,0.23,0.474242424,0.2,0.288674033,0.645833333,79.5276405,1650,0.478
2013,WindyPass,WP10,505,843,827,509,476,386,372,0.43158,37.4377,14,0.978508,32,22.25153827,28.86467437,1,0.27,0.776470588,0.65,0.34915192,0.794117647,83.389845,1275,0.647
2013,WindyPass,WP12,506,428,520,220,296,191,237,0.38318,37.4336,31,0.692147,29,18.65556729,23.84159327,2,0.29,0.977358491,0.5,1,1,59.1229485,1325,0.408
2013,WindyPass,WP13,507,661,646,451,436,317,309,0.5625,37.4372,62,0.909624,30,23.00223473,32.75960519,1,0.13,0.916129032,0.3,0.726757012,0.944444444,65.290302,775,0.178
2013,WindyPass,WP14,508,821,821,435,435,357,357,0.34118,37.4407,42,1.064117,33,29.54187283,34.34143215,1,0.33,0.502222222,0.95,0.283325903,0.277777778,104.1499305,1125,0.321
2013,WindyPass,WP15,509,290,340,130,170,128,153,0.36471,37.4493,45,0.956499,25,21.42162183,30.07662825,1,0.11,0.408571429,0.3,0.183714096,0.304347826,62.1349575,875,0.494
2012,LittleSands,LS01,510,143,48,141,84,63,21,0.35714,37.4604,23,0.811768,30,32.22233371,31.40395123,1,0.29,0.835294118,0.5,0.479322252,0.84,65.804739,850,0.232
2012,LittleSands,LS02,511,513,480,370,353,228,214,0.37736,37.4574,24,0.784949,32,36.86873197,37.34528482,1,0.3,0.984,0.5,0.955469229,0.944444444,68.4260115,625,0.538
2012,LittleSands,LS22,512,455,463,360,363,210,213,0.44882,37.4732,27,0.626726,33,26.63905391,35.82489178,1,0.57,0.865384615,0.6,0.815696718,0.888888889,65.486652,650,0.237
2012,LittleSands,LS25,513,460,599,391,503,218,286,0.53398,37.4682,25,0.466183,28,44.80505545,43.09229319,2,0.6,1,1,1,1,72.88512,500,0
2012,LittleSands,LS26,514,421,421,368,361,201,200,0.55102,37.4943,27,0.556427,30,25.59297276,26.80197473,2,0.42,0.992,1,1,1,70.4876865,1250,0.133
2013,Papoose,PA01,515,358,413,406,422,160,184,0.37931,37.7503,40,0.978157,,9.226678295,19.29396683,2,0.34,0.787837838,0.9375,1,0.894736842,27.03052275,925,0.698
2013,Papoose,PA02,516,768,754,362,380,337,330,0.35211,37.7474,40,0.792922,22,9.086884228,16.52771725,1,0.1,0.368421053,0.35,0.393442623,0.533333333,40.742625,1900,0.764
2013,Papoose,PA06,517,1053,1227,520,631,461,551,0.35294,37.751,5,0.775635,23,19.50474642,21.38357475,1,0.49,0.65,0.95,0.874671261,0.857142857,36.792063,1025,0.36
2013,Papoose,PA08,518,1283,1264,644,617,510,495,0.24786,37.7532,25,0.460547,14,9.956977517,19.96889221,2,0.51,0.869642857,0.9,1,1,43.8233565,1400,0.856
2013,Papoose,PA10,519,832,807,382,419,378,366,0.41509,37.7391,35,0.373563,31,36.02805955,33.33372654,1,0.18,0.885714286,0.95,0.16744774,0.56,76.321245,875,0.136
2013,Papoose,PA19,520,252,267,360,351,106,117,0.30337,37.7715,28,0.721269,10,8.401273789,16.43483662,1,0.34,0.537078652,0.45,0.652061856,0.6,47.1770145,2225,0.833
2013,Papoose,PA25,521,823,824,266,243,210,208,0.07692,37.7853,8,0.795545,13,9.106974042,16.08405951,2,0.46,0.9,0.8,1,1,31.796919,1150,0.42
2013,Papoose,PA31,522,1090,1173,415,426,473,512,0.33929,37.7365,9,0.730564,27,13.72022305,14.75495903,1,0.53,0.937755102,0.9,0.97127056,0.98630137,49.268142,2425,0.222
2013,Papoose,PA35,523,862,906,432,401,327,343,0.2126,37.6457,17,0.715082,,8.662460191,19.62800831,2,0.22,0.958333333,0.8,1,1,36.623202,1200,0.706
2013,Papoose,PA37,524,1018,991,592,585,448,433,0.36083,37.6431,29,0.499202,25.2,11.63911481,14.97322664,1,0.29,0.824404762,0.65,0.985545474,0.971428571,36.9589605,2100,0.395
2013,Papoose,PA39,525,1547,1403,416,331,531,487,0.15966,37.6607,26,0.981034,16,14.71305153,19.78080782,1,0.53,0.392162162,0.7,0.944537815,0.666666667,32.566611,925,0.694
2013,Papoose,PA40,526,627,644,469,449,236,241,0.20635,37.656,15,0.681065,,12.13378873,16.89843772,1,0.22,0.582692308,0.25,0.370883429,0.56,31.8813495,1275,0.513
2013,WestFork,WF01,527,813,819,541,521,374,373,0.43902,37.6064,22,1.02061,29.2,11.69452692,24.47985978,2,0.39,1,0.625,1,1,28.2253125,600,0.851
2013,WestFork,WF02,528,353,363,167,172,159,163,0.39759,37.6054,17,0.992641,29,13.49814566,24.50372995,1,0.08,0.647619048,0.725,0.801137478,0.5,74.236008,1575,0.82
2013,WestFork,WF05,529,645,627,342,354,288,277,0.38272,37.5948,30,1.09106,,13.04172627,14.3018066,1,0.11,0.421875,0.55,0.699914749,0.597014925,38.535651,2400,0.371
2013,WestFork,WF22,530,519,541,207,243,176,191,0.15464,37.6428,5,0.806113,23,8.403147377,20.32757846,1,0.09,0.274712644,0.325,0.416348774,0.238095238,72.983295,2250,0.72
2013,WestFork,WF28,531,632,639,335,396,295,298,0.48,37.6022,27,0.477297,22,7.158087493,14.47576934,1,0.45,0.497058824,0.2,0.667455621,0.666666667,27.964167,1700,0.737
2013,WestFork,WF30,532,959,930,465,553,459,446,0.55769,37.4714,23,0.671196,25,10.04146472,18.97998436,2,0.68,0.853521127,0.7,1,1,50.194914,1775,0.755
2013,WestFork,WF31,533,476,521,525,513,223,246,0.49495,37.4704,41,0.339579,32,21.89867406,29.19907075,1,0.56,0.972727273,0.625,0.52423367,0.961538462,55.2155835,825,0.529
2013,WestFork,WF36,534,422,397,363,303,189,177,0.39024,37.4663,25,0.614083,32,21.37268034,29.51069357,2,0.74,0.91875,0.5,1,1,82.0369935,1200,0.509
2013,WestFork,WF37,535,447,410,324,335,193,181,0.33333,37.4703,19,0.729546,30,18.34330727,25.84629826,1,0.25,0.827272727,0.3,0.926488808,0.861111111,72.1056105,1375,0.49
2013,WestFork,WF43,536,493,415,425,388,227,189,0.44898,37.4773,28,0.652009,33,32.30005028,32.88503861,1,0.4,0.9625,0.4,0.402593844,0.80952381,67.913538,800,0.289
2013,WestFork,WF44,537,382,373,235,275,178,173,0.47475,37.4857,10,0.825812,28,10.83755854,18.8556421,2,0.52,0.929166667,0.9,0.99239428,0.964285714,33.4914195,1200,0.371
2013,WestFork,WF49,538,571,556,427,440,265,258,0.46392,37.4941,20,0.635028,26,13.13167028,30.72775877,2,0.41,0.971428571,0.4,1,1,64.854405,875,0.437
2013,WestFork,WF52,539,363,482,288,365,159,218,0.35043,37.4871,32,0.526765,27,14.11355223,17.09821311,1,0.36,0.892857143,0.5,0.723926941,0.854545455,40.16,1750,0.24
2013,WestFork,WF53,540,518,468,414,300,239,214,NA,37.4826,26,0.477788,32,10.30198889,23.84527785,2,0.45,0.955769231,0.3,1,1,50.02,1300,0.706
2013,WindyPass,WP08,541,773,769,406,406,336,335,0.34091,37.4428,44,0.450323,33,23.97862902,35.07148115,2,0.28,0.955882353,0.9,1,1,82.0723365,850,0.783
2013,WindyPass,WP11,542,777,788,523,523,369,373,0.53425,37.4385,50,1.05899,25,20.52607705,23.2573841,2,0.38,0.976086957,1,1,1,48.8302815,1150,0.478
2012,LittleSands,LS04,543,391,467,289,339,172,206,0.35878,37.4508,17,0.592026,32,39.40253724,34.83650896,3,0.56,1,0.3,1,1,67.088868,700,0
2012,LittleSands,LS05,544,422,404,316,313,188,183,0.38182,37.4517,19,0.547681,35,38.96716567,34.42181733,3,0.69,1,0.7,1,1,72.084012,775,0
2012,LittleSands,LS11,545,376,289,284,234,167,129,0.36937,37.4914,39,0.378525,30,26.24250211,28.8134048,3,1,1,1,1,1,61.913082,950,0.198
2012,LittleSands,LS12,546,7,36,60,78,3,16,0.40541,37.4803,14,0.731775,31,35.55792678,34.91488833,3,0.79,1,0.9,1,1,66.986766,700,0
2012,LittleSands,LS19,547,944,909,755,724,451,433,0.54902,37.4469,49,0.344964,24,25.81354999,25.47269593,3,0.91,1,1,1,1,45.8418345,900,0
2012,LittleSands,LS21,548,837,786,650,604,394,368,0.50562,37.4759,36,0.993065,25,38.27760151,36.6052359,3,0.97,1,1,1,1,60.4816905,575,0
2012,LittleSands,LS23,549,407,407,353,353,194,,0.53448,37.4687,26,0.461657,,32.32824779,39.77910664,1,0.15,0.954545455,0.2,0.94184284,0.916666667,73.509513,525,0.054
2013,Papoose,PA03,550,1033,1037,580,593,466,469,0.4026,37.7459,40,0.678613,23,12.4161022,16.33409158,3,0.76,0.968181818,1,1,1,34.5576,1650,0.513
2013,Papoose,PA07,551,1250,1248,739,731,558,555,0.38272,37.7531,23,0.687411,19,13.41423286,18.73976663,3,0.91,0.981481482,1,1,1,37.216179,1350,0.774
2013,Papoose,PA09,552,1030,1026,543,560,454,458,0.36264,37.756,50,0.316794,22,13.95198774,16.50764733,3,0.75,1,1,1,1,35.295876,1650,0.652
2013,Papoose,PA11,553,1164,1169,654,658,509,520,0.35,37.7389,55,0.3159,20,10.69150207,15.92377594,3,0.86,1,1,1,1,31.84797,1600,0.756
2013,Papoose,PA12,554,934,726,538,491,384,296,0.275,37.7321,30,0.845205,18,12.90354467,19.63538157,3,0.74,1,1,1,1,40.8584715,1350,0.705
2013,Papoose,PA13,555,1247,1287,662,649,539,541,0.33333,37.7321,40,0.409032,,12.37695962,14.41066158,3,0.65,1,1,1,1,23.2301685,1425,0.635
2013,Papoose,PA14,556,929,859,622,563,428,376,0.44538,37.786,20,0.55602,23,16.34586673,18.1531038,3,0.76,0.995918367,0.9,1,1,31.6889265,1225,0.165
2013,Papoose,PA15,557,1075,1077,623,619,482,480,0.38824,37.7833,32,0.778625,15,12.5779797,16.7576696,3,0.63,1,1,1,1,18.7376805,850,0.722
2013,Papoose,PA16,558,1056,981,617,585,459,418,0.34091,37.7809,30,0.803176,24,10.83629035,16.65607616,3,0.77,1,1,1,1,36.477903,1675,0.632
2013,Papoose,PA20,559,830,1028,449,398,283,335,0.15625,37.7708,17,0.872921,22,23.38151183,23.04310555,3,1,1,1,1,1,29.17761,700,0.091
2013,Papoose,PA21,560,910,1052,448,501,317,384,0.16535,37.7913,28,0.50773,15,13.19426627,15.32471465,3,0.64,1,1,1,1,15.209271,825,0.454
2013,Papoose,PA22,561,1196,1192,692,671,542,530,0.40909,37.7932,15,0.622,27,15.01594057,22.6672706,3,1,1,1,1,1,46.3837605,1150,0.884
2013,Papoose,PA23,562,1116,1057,492,527,463,446,0.28571,37.793,30,0.607238,15,9.788847157,15.20647281,3,0.63,1,1,1,1,19.0596945,1050,0.703
2013,Papoose,PA26,563,1802,1649,172,213,297,278,0.02959,37.7878,8,0.881112,15,11.80978543,16.75666613,3,0.66,1,1,1,1,15.429183,700,0.779
2013,Papoose,PA27,564,1891,1798,316,334,390,397,0.04762,37.7891,4,0.800583,,10.31443241,16.01369086,3,0.57,1,1,1,1,13.084764,650,0.695
2013,Papoose,PA28,565,1432,1452,780,747,610,612,0.31532,37.7346,5,0.786231,,12.54202278,15.75640729,3,0.68,1,1,1,1,28.871304,1450,0.564
2013,Papoose,PA29,566,1310,1323,312,353,435,415,0.14504,37.7335,5,0.860474,,13.17740458,19.79484588,3,0.71,1,1,1,1,25.627602,825,0.528
2013,Papoose,PA30,567,1320,1380,567,587,527,550,0.25,37.736,0,0.805822,19,17.00685212,17.38602734,3,0.69,0.990384615,1,1,1,45.816309,1250,0.169
2013,Papoose,PA32,568,1191,1002,522,509,437,370,0.19298,37.6447,35,1.063559,24.3,13.84282879,20.48982348,3,1,1,1,1,1,40.3479615,1050,0.672
2013,WestFork,WF07,569,1239,1228,547,545,470,467,0.21348,37.6092,28,1.008607,22,23.28375503,27.11232331,3,1,1,1,1,1,51.3082185,675,0.44
2013,WestFork,WF09,570,1209,1193,641,638,496,494,0.27473,37.5782,38,1.103489,19,11.93688551,20.62157521,3,1,1,1,1,1,50.9076645,1525,0.84
2013,WestFork,WF12,571,1444,1435,764,759,604,598,0.29412,37.5846,24,0.505471,25,15.38789333,28.56397,3,1,1,1,1,1,56.07756,825,0.874
2013,WestFork,WF13,572,1212,1248,621,630,505,522,0.29167,37.5809,29,1.074205,19,15.82244368,22.42575904,3,1,1,1,1,1,40.4657715,1025,0.789
2013,WestFork,WF14,573,1180,852,763,606,521,378,0.36585,37.6189,9,0.680481,29,12.23485275,27.86615264,1,0.66,0.778571429,0.575,0.968637532,0.846153846,96.007296,1575,0.845
2013,WestFork,WF18,574,693,697,762,754,317,319,0.42857,37.6301,41,0.737609,18,8.868790414,18.4231457,1,0.82,0.887323944,0.95,0.952054795,0.9,47.292861,1775,0.852
2013,WestFork,WF19,575,1220,1208,783,766,564,551,0.44928,37.6272,17,0.824935,,7.329042003,17.95137433,3,1,1,1,1,1,36.0478965,1425,0.992
2013,WestFork,WF20,576,1363,1360,774,773,603,602,0.36986,37.6212,21,1.028793,11,11.37027856,18.54618267,3,1,1,1,1,1,37.801302,1400,0.659
2013,WestFork,WF23,577,1363,1369,784,774,589,590,0.33333,37.6443,10,0.761304,26,8.850982888,14.13075623,3,1,1,1,1,1,43.4974155,2775,0.826
2013,WestFork,WF24,578,1373,1388,780,785,585,596,0.31646,37.6432,14,0.690686,,7.357378399,16.01210347,3,0.89,1,0.85,1,1,54.844482,2725,0.775
2013,WestFork,WF27,579,1159,1124,744,734,495,478,0.31765,37.6044,14,0.656909,26,16.25375488,27.00499887,3,1,1,1,1,1,98.752269,1725,0.547
2013,WestFork,WF29,580,1318,1330,814,830,585,594,0.37209,37.5988,5,0.737122,20,8.918038686,18.72505146,3,1,1,1,1,1,67.434444,2450,0.56
2013,WestFork,WF38,581,936,935,668,624,421,415,0.3945,37.4735,33,0.893924,32,18.79878367,23.99942885,3,1,1,1,1,1,59.9083485,1325,0.434
2013,WestFork,WF39,582,858,831,501,488,385,369,0.3913,37.4738,15,0.814734,27,16.77478203,24.4974724,3,0.99,1,0.9,1,1,45.9321555,975,0.59
2013,WestFork,WF42,583,700,826,526,625,295,361,0.30435,37.4788,35,0.370598,25,16.15217853,27.28061536,3,0.95,1,1,1,1,49.6588785,850,0.429
2013,WestFork,WF46,584,1010,1002,694,706,448,448,0.36937,37.4866,31,0.464359,,18.26905078,23.84050057,3,0.95,1,0.9,1,1,27.885627,625,0.351
2013,WestFork,WF47,585,959,979,637,653,408,423,0.3125,37.4912,34,0.551951,34,26.05258109,29.516105,3,1,1,1,1,1,63.260043,925,0.264
2013,WestFork,WF48,586,987,984,659,653,435,431,0.36264,37.4936,40,0.381208,30,11.45389957,37.89464443,3,1,1,0.9,1,1,61.999476,550,0.7
2013,WestFork,WF50,587,834,800,501,589,372,364,0.37931,37.4912,35,0.424141,28,21.01865414,27.3449165,3,0.98,1,1,1,1,66.711876,1100,0.217
2013,WestFork,WF51,588,764,811,644,656,338,362,0.36539,37.4886,46,0.368913,26,7.057134139,25.28247598,3,0.86,1,1,1,1,51.431919,1025,0.315
2013,WindyPass,WP01,589,1266,1257,824,830,590,588,0.47126,37.4527,10,0.668824,20,12.31114822,22.78696844,3,1,1,1,1,1,55.0270875,1350,0.24
2013,WindyPass,WP06,590,1245,1241,479,513,444,463,0.17757,37.45,36,0.882396,25,20.56557014,32.66307836,3,1,1,1,1,1,94.2185475,1125,0.577
2013,WindyPass,WP07,591,967,966,478,482,404,405,0.29293,37.4458,54,0.982333,22,18.38698654,24.77970247,3,0.77,0.925581395,1,1,1,51.816765,1075,0.728
2013,Papoose,PA17,592,1016,1039,595,595,435,441,0.32076,37.7777,10,0.865408,,8.92150032,15.95119733,3,0.57,1,1,1,1,22.470294,1125,0.743
2013,Papoose,PA18,593,728,689,351,334,321,300,0.36,37.774,25,0.682751,25,9.133317255,25.75299129,1,0.13,0.421212121,0.625,0.293853073,0.090909091,42.9515625,825,0.803
